countyFIPS,unemp,#ICU_beds,#Hospitals,#EligibleforMedicare2018
1001,2.7,6,1,11439.0
1009,2.6,6,1,13175.0
1017,2.8,0,0,9276.0
1021,2.5,6,1,9785.0
1033,3.7,22,2,14459.0
1045,2.8,6,1,11189.0
1051,2.6,5,2,17880.0
1065,4.0,0,1,4284.0
1079,2.9,6,1,8125.0
1083,2.4,10,1,18356.0
1099,5.1,8,1,5480.0
1107,3.4,4,1,5157.0
1121,3.4,14,2,20236.0
5141,5.9,0,1,5502.0
5145,5.3,13,1,17442.0
6005,4.4,6,1,11896.0
6021,7.0,0,1,5990.0
6033,5.8,8,2,18619.0
6043,6.2,0,1,5179.0
6055,3.2,32,2,31111.0
6089,5.5,81,4,50181.0
6099,6.6,88,5,90037.0
6115,6.9,24,1,13674.0
8003,4.2,6,1,3134.0
8013,2.4,72,5,54866.0
8014,2.6,20,1,11808.0
8025,4.6,0,0,946.0
8031,2.8,227,6,99763.0
8035,2.4,54,3,47655.0
8047,2.2,0,0,1127.0
12083,3.7,110,2,120523.0
12087,2.0,14,3,19255.0
12095,2.8,388,3,199305.0
12111,3.7,69,2,82496.0
12119,4.6,0,0,76385.0
12125,2.8,0,1,2278.0
13001,3.7,3,1,3904.0
13013,2.9,6,1,13362.0
13029,3.1,0,0,5919.0
13043,2.7,6,1,2452.0
13055,4.9,0,0,5866.0
13059,3.5,104,2,18078.0
13071,3.1,10,2,9533.0
13079,3.6,0,0,2834.0
13091,5.4,6,1,4361.0
13107,4.7,8,1,5162.0
13113,3.0,37,1,24233.0
13123,3.7,0,0,8913.0
8053,3.3,0,0,258.0
8057,3.1,0,0,358.0
8059,2.6,94,4,113563.0
8073,3.1,0,1,1126.0
8083,5.6,4,1,6952.0
8095,1.7,0,2,987.0
8105,5.3,0,1,3422.0
8111,3.4,0,0,178.0
8123,2.9,26,1,45848.0
9015,4.8,6,2,24285.0
12001,2.7,210,2,45942.0
12013,3.4,0,1,2987.0
12023,3.1,27,2,16625.0
12039,3.9,0,1,10708.0
12055,4.4,38,2,35358.0
12059,3.5,0,1,5142.0
12073,2.8,60,2,46138.0
4003,5.4,12,4,33579.0
4013,3.8,1004,34,706340.0
5001,3.4,0,2,4512.0
5009,3.6,24,1,10732.0
5019,3.7,0,1,4883.0
5029,4.7,0,1,5367.0
5043,6.0,5,1,3987.0
5051,4.0,41,3,30790.0
5061,3.9,0,1,3281.0
5071,4.5,8,1,6042.0
5085,3.7,0,0,13886.0
5097,5.8,0,0,2773.0
5101,4.3,0,0,2670.0
5111,4.1,0,0,6093.0
5123,5.5,6,1,5303.0
5129,6.1,0,0,2720.0
13309,7.5,0,0,1205.0
13313,4.0,34,1,17985.0
13319,3.7,0,0,2467.0
15009,2.6,20,4,31253.0
16015,5.3,0,0,2311.0
16021,5.3,0,1,3447.0
16045,3.6,0,1,4929.0
16051,2.5,0,0,4260.0
16057,2.5,0,1,6673.0
16067,2.9,0,1,3739.0
16081,2.2,0,1,1560.0
17005,3.2,0,1,3751.0
17009,1.9,0,0,1114.0
17019,2.6,51,2,30378.0
17029,2.8,9,1,10113.0
17035,3.0,0,0,2439.0
17049,2.8,10,1,7636.0
17055,4.4,0,1,10083.0
17065,3.2,0,1,1977.0
18051,2.6,5,1,7150.0
18059,2.8,24,1,15747.0
18069,3.3,0,1,8401.0
18079,3.5,0,1,6343.0
18085,2.9,14,1,16031.0
18095,4.0,21,3,30210.0
18105,3.2,38,2,21989.0
18115,3.4,0,0,1383.0
18125,3.8,0,0,3176.0
18131,3.8,0,1,3179.0
18139,2.8,0,1,3839.0
18153,4.8,4,1,4600.0
18173,2.9,24,2,13206.0
18179,3.0,7,1,6148.0
18183,2.9,0,1,7402.0
19009,2.6,0,1,1604.0
19017,2.7,0,2,5530.0
19021,2.2,5,1,3787.0
19031,3.1,0,0,4144.0
19039,3.7,0,1,2171.0
17073,4.3,3,2,11847.0
17077,2.8,21,2,10501.0
17079,3.6,0,0,2306.0
17089,4.1,103,5,81892.0
17103,3.3,6,1,8244.0
17107,3.4,0,1,6147.0
17121,3.6,9,2,9849.0
17129,3.6,0,0,2858.0
17139,2.5,0,0,3280.0
17145,3.8,0,2,4706.0
17155,5.2,0,0,1482.0
17169,3.8,0,1,1668.0
17175,5.1,0,0,1374.0
17179,4.0,8,2,29347.0
17189,2.0,0,1,3282.0
17203,3.1,0,1,8045.0
18009,4.3,0,1,3291.0
18011,2.4,8,1,11098.0
18021,3.8,0,1,6153.0
18033,2.9,8,1,9057.0
13125,4.1,0,0,642.0
13129,3.6,8,1,10976.0
13131,3.4,4,1,5475.0
13139,2.8,85,1,37379.0
13157,2.7,0,1,13307.0
13169,3.3,0,0,6039.0
13175,5.1,16,1,11143.0
13187,3.1,0,0,6741.0
13197,4.4,0,0,1686.0
13201,3.4,0,1,1407.0
13217,3.9,10,1,19446.0
13225,3.8,0,1,5827.0
13233,3.7,0,1,9182.0
13243,4.8,0,1,1724.0
13253,4.3,0,1,2414.0
13265,7.2,0,0,498.0
13277,3.4,20,1,8030.0
13285,3.2,20,1,13450.0
13293,4.0,28,1,6804.0
13303,4.7,0,1,4654.0
20027,3.1,0,1,2089.0
20029,2.9,0,1,2348.0
20039,3.3,0,1,878.0
20049,3.0,0,0,863.0
20065,2.6,0,1,785.0
20075,1.7,0,1,445.0
20085,3.3,0,1,3152.0
20095,3.2,0,1,1922.0
20105,2.3,0,1,854.0
20115,2.6,0,2,3186.0
20127,3.2,0,1,1516.0
20135,2.6,0,2,811.0
20145,3.3,0,1,1535.0
20155,3.3,20,2,14695.0
20163,3.2,0,1,1329.0
20173,4.0,236,6,89941.0
20185,3.0,0,1,1028.0
20195,3.2,0,1,806.0
20203,1.8,0,1,477.0
20205,4.6,0,2,2456.0
21183,5.9,4,1,5859.0
21187,4.3,0,0,2557.0
21189,7.3,0,0,1218.0
21199,4.7,38,1,17412.0
21209,3.3,6,1,8581.0
21219,4.2,0,0,2537.0
21229,3.7,0,0,2833.0
22001,4.6,4,2,11783.0
22013,5.8,0,1,3587.0
22033,3.7,124,7,77079.0
22053,4.3,5,1,6171.0
22073,4.9,88,4,29540.0
22077,4.5,0,1,5041.0
22089,3.7,8,1,9228.0
22105,4.7,64,4,24034.0
22115,6.1,7,1,7887.0
21003,3.9,0,1,4700.0
21009,4.7,10,1,10368.0
21017,4.0,4,1,4724.0
21025,10.3,4,1,3660.0
21031,5.2,0,0,3078.0
21043,8.8,0,0,6933.0
21053,5.8,0,1,2594.0
21063,10.9,0,0,1684.0
21077,4.0,0,0,1325.0
21087,4.3,0,1,2986.0
21099,6.3,0,1,4287.0
21103,3.6,0,0,3759.0
21115,7.3,6,1,6285.0
21121,5.5,4,1,8291.0
21137,5.1,0,1,6268.0
21143,4.6,0,0,2498.0
21151,3.7,12,2,17093.0
21157,5.1,4,1,8877.0
21169,5.1,0,0,2681.0
21175,6.6,0,1,3109.0
19045,4.1,10,2,11016.0
19047,4.8,0,1,3490.0
19055,3.0,0,1,3730.0
19063,3.0,0,1,2357.0
19067,4.5,0,1,4039.0
19079,3.1,0,1,3540.0
19087,3.3,0,1,4581.0
19095,2.9,0,1,3697.0
19105,4.6,0,1,4727.0
19113,3.3,44,2,42142.0
19121,4.5,0,1,3336.0
19125,2.4,3,2,7302.0
19137,2.8,8,1,2821.0
19141,2.4,0,2,3434.0
19151,2.2,0,1,1914.0
19161,3.1,0,1,2631.0
19169,1.7,14,2,13817.0
19175,3.8,4,1,3076.0
19181,3.0,0,0,9497.0
19195,3.5,0,0,1808.0
20005,5.6,4,1,3272.0
20015,3.4,16,2,12506.0
27073,5.6,0,2,1937.0
27083,3.8,0,2,5049.0
27085,4.7,6,2,7899.0
27093,5.2,0,1,5407.0
27103,2.6,0,1,6380.0
27113,6.9,0,1,3031.0
27121,3.7,0,1,2969.0
27127,4.3,0,1,3708.0
27147,3.5,0,1,7748.0
27153,5.4,3,2,5987.0
27161,5.1,0,1,4315.0
28003,4.5,24,1,9356.0
28013,5.6,0,1,3727.0
28017,5.1,0,1,4321.0
28029,6.0,0,1,6431.0
28037,6.2,0,1,1990.0
28049,4.8,218,5,44024.0
28061,7.2,0,1,4182.0
28065,6.6,0,1,2768.0
28075,4.9,51,4,15764.0
22121,3.8,0,0,4580.0
22127,6.0,5,1,3196.0
23009,6.7,6,3,15806.0
23029,7.7,0,2,9850.0
24001,5.4,15,1,17398.0
24003,3.0,53,2,98260.0
24009,3.0,4,1,16373.0
24017,3.5,10,1,24448.0
24019,5.0,0,0,8264.0
24029,4.9,6,1,6105.0
24035,3.3,0,0,10430.0
24037,3.3,12,1,17149.0
24039,6.1,0,1,5203.0
24041,3.9,16,1,11722.0
25011,3.1,6,1,18895.0
26009,5.6,0,0,7798.0
26015,3.1,0,1,13825.0
26023,3.3,10,1,10078.0
26035,6.5,0,1,9931.0
26037,2.5,2,1,15293.0
26045,2.9,0,2,24806.0
26057,3.9,0,1,9113.0
26061,4.3,5,2,7858.0
26073,3.6,8,1,11325.0
26077,2.7,34,2,50030.0
26083,5.4,0,0,829.0
26085,6.0,0,0,4182.0
26091,3.4,0,2,23440.0
26097,17.9,0,1,3714.0
26103,4.7,30,2,15556.0
26107,4.7,4,1,9972.0
26111,3.7,26,1,18735.0
26117,3.7,12,4,14980.0
26123,4.1,9,1,12440.0
26133,3.8,4,1,6568.0
26143,8.3,0,0,10249.0
26155,3.7,7,1,16541.0
26161,2.2,92,4,60961.0
26165,4.6,6,1,8610.0
27009,5.1,0,0,7723.0
27019,2.8,25,1,14406.0
27029,11.3,0,1,2155.0
27039,4.2,0,0,3600.0
27051,5.9,0,1,1743.0
27057,6.9,0,1,6197.0
27067,4.5,8,1,10233.0
29097,3.1,88,3,24501.0
29103,4.9,0,0,1037.0
29109,4.2,0,1,9353.0
29117,3.1,0,1,3607.0
29131,5.6,0,0,5882.0
29137,4.9,0,0,2382.0
29151,2.5,0,0,2756.0
29159,6.1,9,1,9104.0
29169,4.0,0,0,6738.0
29179,4.3,0,0,2071.0
29195,4.1,7,2,5090.0
29205,4.5,0,0,1573.0
29211,4.7,0,1,1587.0
29221,6.1,0,1,5615.0
29229,5.3,0,0,5176.0
30013,3.8,20,2,18449.0
30037,4.9,0,0,325.0
30043,4.0,0,0,3144.0
31121,2.9,0,1,1931.0
31125,2.8,0,0,789.0
31135,2.0,0,1,745.0
31137,2.3,0,1,2161.0
31147,3.0,0,1,2257.0
31159,2.8,0,1,3536.0
31163,3.3,0,0,870.0
31171,4.8,0,0,202.0
31183,2.1,0,0,186.0
32009,3.9,0,0,287.0
32021,4.0,0,1,1400.0
32033,3.3,0,1,1972.0
34007,4.6,199,4,100269.0
34015,4.3,14,1,57350.0
34031,5.1,97,2,87533.0
35001,4.5,138,5,131781.0
35006,6.4,4,2,5044.0
30051,2.9,0,1,473.0
30059,3.8,0,1,622.0
30069,4.9,0,0,110.0
30093,4.5,11,1,8336.0
30099,4.2,0,1,1613.0
30107,4.8,0,1,586.0
31003,2.8,0,1,1603.0
31009,4.5,0,0,140.0
31023,2.9,0,1,1947.0
31035,3.1,0,0,1553.0
31037,2.4,0,1,1555.0
31047,3.1,0,3,4448.0
31053,2.9,0,1,8492.0
31063,3.6,0,0,666.0
31073,2.1,0,0,602.0
31085,3.0,0,0,226.0
31093,3.0,0,1,1464.0
31097,3.6,0,1,930.0
31117,3.2,0,0,99.0
28079,5.5,0,1,4651.0
28083,7.3,9,1,6384.0
28095,5.1,9,2,8996.0
28099,5.8,0,3,6052.0
28103,7.0,0,1,2597.0
28115,4.1,0,1,6519.0
28117,4.9,11,1,5777.0
28127,5.2,0,2,6135.0
28139,4.6,0,1,5519.0
28151,7.4,22,1,10944.0
29001,3.7,10,1,4788.0
29009,4.3,0,2,9007.0
29021,3.6,21,1,18281.0
29033,3.6,0,1,2409.0
29043,3.2,0,0,17772.0
29053,4.0,0,1,3934.0
29065,4.0,0,1,4159.0
29075,2.8,0,1,1622.0
29085,5.1,0,0,3492.0
37001,3.6,20,1,33998.0
37005,5.2,0,1,3458.0
37017,4.8,4,1,8234.0
37021,2.9,166,1,62539.0
37027,3.6,12,1,19798.0
37055,7.8,0,1,9325.0
37057,3.6,29,2,37750.0
37067,3.5,259,3,73977.0
37081,3.9,142,2,98526.0
37091,5.1,10,1,5496.0
37103,3.6,0,0,2625.0
37117,4.6,6,1,6117.0
37127,4.5,21,1,22139.0
37141,3.7,0,1,13430.0
37151,3.6,12,1,31383.0
37165,6.6,8,1,8909.0
37167,3.7,10,1,14341.0
39055,4.6,12,1,21210.0
39063,3.4,34,1,15307.0
39065,4.7,0,1,6339.0
39075,3.3,4,1,5126.0
39089,4.1,38,1,35385.0
39097,3.7,13,1,8327.0
39109,4.2,10,1,23456.0
39121,9.0,0,0,2731.0
39131,7.8,0,1,6730.0
39143,5.1,18,2,13602.0
39147,4.7,9,2,12633.0
39159,3.5,7,1,8721.0
39169,3.6,14,2,24017.0
39173,4.0,10,1,24802.0
40009,4.1,6,1,4006.0
40019,3.3,13,2,10987.0
40031,3.0,58,3,19666.0
40043,2.2,0,1,1160.0
40053,2.0,0,0,1122.0
37181,5.5,20,1,11005.0
37191,3.9,16,1,24823.0
37197,3.4,0,0,9087.0
38007,2.8,0,0,185.0
38019,3.4,0,1,1102.0
38031,3.0,0,1,798.0
38035,2.3,26,2,10886.0
38045,2.4,0,0,1102.0
38061,1.6,0,1,1596.0
38073,2.2,0,1,1308.0
38079,8.7,0,2,2199.0
38091,1.8,0,0,479.0
38103,4.7,0,1,1259.0
39003,4.9,62,4,22854.0
39015,6.2,0,0,10263.0
39027,5.3,6,1,9302.0
39039,4.6,8,3,9084.0
39047,4.3,6,1,6571.0
35015,3.1,12,2,10353.0
35027,5.1,4,1,6524.0
35028,3.2,6,1,3655.0
35045,6.3,10,2,21506.0
35053,5.4,0,1,3905.0
36003,6.2,6,2,10825.0
36021,3.8,9,1,16111.0
36037,4.9,10,1,13479.0
36043,5.8,0,1,15355.0
36057,6.1,8,1,12919.0
36069,4.5,27,3,26727.0
36083,4.1,12,3,33729.0
36095,5.9,0,1,7066.0
36109,3.6,16,1,17373.0
36121,6.0,5,1,9080.0
36123,4.9,0,1,6202.0
42013,5.4,50,3,31596.0
42015,5.5,42,3,15355.0
42021,6.4,30,2,37260.0
42031,6.4,7,1,9594.0
42047,6.7,0,1,8218.0
42063,6.2,12,1,19557.0
42069,5.6,51,3,53153.0
42087,5.8,10,1,11848.0
42093,4.0,42,1,4652.0
42105,9.0,4,1,4767.0
42113,6.8,0,0,1943.0
42123,6.0,6,1,10739.0
45005,6.5,0,1,2171.0
45009,5.7,0,0,3501.0
45027,4.2,6,1,9190.0
45039,4.6,0,0,5723.0
47005,5.6,0,1,4939.0
47007,6.0,0,1,3156.0
47013,5.3,10,2,10910.0
47027,7.3,0,1,2242.0
47031,4.0,14,2,13084.0
47045,5.2,10,1,8877.0
47057,4.9,0,0,6344.0
47069,5.6,0,1,6177.0
47081,3.4,0,1,5512.0
47093,3.2,254,4,91238.0
47105,3.8,5,1,16859.0
47117,3.9,0,1,6930.0
47129,4.9,0,0,5411.0
47139,4.5,0,0,4628.0
47151,5.1,0,1,5260.0
47173,4.3,0,0,4931.0
47179,4.0,76,2,30781.0
45049,2.9,6,1,4569.0
45053,2.7,4,1,6331.0
45075,4.8,20,1,20935.0
45081,2.8,0,0,4604.0
46003,2.9,0,0,633.0
46007,5.6,0,1,529.0
46017,6.6,0,0,248.0
46029,3.4,8,1,5842.0
46035,3.3,8,1,4422.0
46043,3.8,0,1,794.0
46055,3.3,0,1,477.0
46061,6.2,0,0,1552.0
46087,3.4,0,0,1301.0
46095,6.1,0,0,373.0
46103,3.7,38,3,26895.0
46111,3.7,0,0,527.0
46125,3.9,0,1,1954.0
46137,3.8,0,0,174.0
40059,2.4,0,1,787.0
40063,4.9,0,1,3358.0
40073,2.0,0,1,3098.0
40081,3.2,0,2,7722.0
40087,2.5,0,1,7877.0
40097,2.8,0,1,9529.0
40109,2.7,300,19,133004.0
40123,2.7,12,2,8288.0
40127,5.2,0,1,3306.0
40147,3.1,8,1,12263.0
40153,3.1,6,1,3781.0
41017,4.1,36,2,46485.0
41031,5.7,0,1,6001.0
41037,5.2,0,1,2388.0
41053,4.0,0,1,19111.0
41069,3.6,0,0,519.0
42005,7.2,12,1,17891.0
48357,3.4,0,1,1376.0
48359,3.1,0,0,435.0
48367,3.1,20,1,25927.0
48379,2.9,0,0,3269.0
48381,2.5,0,0,23607.0
48393,2.6,0,0,200.0
48397,3.0,6,1,15360.0
48411,3.5,0,0,1593.0
48425,3.7,0,1,1983.0
48429,3.3,0,1,2179.0
48433,3.3,0,1,383.0
48445,3.5,0,1,2178.0
48449,4.2,8,1,5597.0
48459,4.2,0,0,9365.0
48463,3.6,6,1,5640.0
48475,2.6,0,1,1978.0
48491,2.8,90,6,77496.0
48497,3.4,21,1,12199.0
48507,9.0,0,0,2050.0
49011,2.6,22,3,41725.0
47185,4.2,4,1,7376.0
47189,3.0,12,1,26942.0
48009,3.0,0,0,1970.0
48011,3.1,0,0,478.0
48021,2.9,0,1,15832.0
48031,2.4,0,0,3687.0
48047,5.4,0,0,1672.0
48053,2.8,12,2,13174.0
48063,4.4,0,1,3051.0
48069,2.8,0,1,1246.0
48079,3.8,0,1,585.0
48095,2.8,0,1,783.0
48099,3.9,4,1,10872.0
48103,4.9,0,1,716.0
48115,4.3,0,1,2413.0
48123,2.6,0,1,4641.0
48127,2.8,0,1,1977.0
48137,2.1,0,0,605.0
48149,2.7,0,1,7092.0
48159,3.4,0,0,2766.0
48169,3.1,0,0,879.0
48177,2.9,0,1,4156.0
48179,4.0,8,1,4225.0
48185,4.1,0,1,6029.0
48191,4.6,0,0,825.0
48195,2.2,0,1,961.0
48217,3.4,5,1,9209.0
48227,3.2,8,1,5602.0
48233,4.7,4,1,4186.0
48247,4.7,0,0,1006.0
48251,3.3,35,3,31422.0
48263,3.1,0,0,210.0
48265,3.2,12,1,16842.0
48275,3.6,0,1,893.0
48283,3.1,0,0,1203.0
48297,3.3,0,0,2195.0
48303,2.8,267,4,47087.0
48309,3.3,54,2,45112.0
48319,3.4,0,0,1297.0
48329,2.3,48,1,20211.0
48339,3.5,97,6,90843.0
48349,3.4,9,1,10770.0
48353,3.0,5,1,3337.0
51121,2.6,22,2,14695.0
51125,2.6,0,0,4935.0
51141,3.7,0,0,5401.0
51145,2.6,0,0,6279.0
51155,4.8,8,1,9491.0
51157,2.4,0,0,2172.0
51173,4.1,4,1,9122.0
51187,2.8,8,1,8107.0
51197,4.5,6,1,8013.0
51510,2.1,40,1,20001.0
51530,2.3,0,0,1575.0
51540,2.1,25,1,7030.0
51595,4.5,7,1,1313.0
51660,2.7,34,1,6033.0
51670,4.1,17,1,4939.0
51760,3.2,159,3,37591.0
51775,2.7,36,1,6755.0
51820,2.8,0,0,5316.0
53013,6.1,0,1,1377.0
53021,7.3,0,1,11049.0
55029,5.9,4,1,9977.0
55033,4.7,0,1,9848.0
55039,3.4,15,3,22299.0
55045,3.9,6,1,8229.0
55063,3.2,52,2,23316.0
55069,5.4,0,2,7687.0
55073,3.3,52,2,28189.0
55081,3.8,0,2,9479.0
55095,6.8,3,3,11267.0
55103,4.2,4,1,4463.0
55115,4.5,0,1,10220.0
55129,5.9,0,2,5608.0
55141,4.7,27,2,18193.0
56025,4.7,14,2,14752.0
56031,4.7,0,1,2460.0
56033,4.3,11,1,7569.0
56045,3.2,0,1,1683.0
53041,6.4,6,2,21799.0
53045,6.2,6,1,18568.0
53065,8.6,0,2,13285.0
54001,6.8,0,1,4106.0
54007,9.7,0,1,3753.0
54013,19.2,0,1,2179.0
54021,8.3,0,0,1564.0
54039,4.8,156,4,47589.0
54049,5.1,14,1,13683.0
54061,3.4,119,2,14532.0
54079,4.6,0,0,13074.0
54089,6.5,0,1,3672.0
54101,8.9,0,1,2637.0
55003,6.0,0,1,4179.0
55005,5.9,5,3,12228.0
55007,8.0,0,0,5069.0
55017,5.7,6,3,14150.0
55025,2.5,39,4,87795.0
49029,2.6,0,0,1600.0
49031,6.0,0,0,453.0
49035,2.7,282,10,145183.0
49051,2.7,0,1,4262.0
50005,3.6,4,1,7887.0
50019,5.7,5,1,7802.0
51007,3.2,0,0,3275.0
51017,2.7,0,1,1345.0
51029,4.6,0,0,3782.0
51043,2.2,0,0,3518.0
51047,2.8,6,1,9935.0
51063,2.9,0,0,4265.0
51075,2.5,0,0,6156.0
51101,2.7,0,0,3618.0
51111,3.1,0,0,3194.0
51113,2.1,0,0,3199.0
1023,4.9,0,1,3934.0
1025,5.6,0,2,6677.0
1029,3.0,0,0,3708.0
1031,2.7,7,1,11095.0
1037,3.0,0,0,2863.0
1047,5.1,18,1,10286.0
1055,4.0,56,2,26732.0
1059,3.5,7,2,7052.0
1061,2.7,6,1,7215.0
1067,3.3,0,0,5000.0
1071,3.2,10,1,13582.0
1081,2.4,28,1,24613.0
1085,5.1,0,0,2983.0
1087,3.9,0,0,4867.0
1089,2.3,100,2,67210.0
5143,2.5,61,3,35575.0
5147,5.2,0,0,1944.0
6003,5.0,0,0,281.0
6007,5.5,43,4,53930.0
1093,4.0,4,1,7474.0
1095,2.4,20,1,21527.0
1097,3.8,157,4,85646.0
1101,3.0,88,3,44732.0
1117,2.1,32,1,38828.0
1119,3.8,0,1,3212.0
1125,2.4,84,1,37285.0
1131,8.5,0,1,3381.0
2020,4.5,73,3,40301.0
1007,3.0,0,1,5128.0
1011,3.2,0,1,2198.0
1015,3.4,24,2,28487.0
6045,4.7,14,3,24217.0
6049,9.9,0,2,2720.0
6051,3.8,2,1,1861.0
6057,3.7,10,2,31097.0
6059,2.8,651,24,517276.0
6065,4.1,351,16,390574.0
6069,6.2,8,1,9200.0
6073,3.2,570,15,542899.0
6075,2.2,337,10,152570.0
6113,4.9,14,2,32957.0
8001,3.3,168,3,67297.0
8007,3.7,0,1,4149.0
8009,2.2,0,1,1015.0
8015,2.7,2,1,5760.0
8017,1.6,0,1,396.0
8021,4.6,0,1,2021.0
8023,4.2,0,0,1325.0
8029,4.2,6,1,9544.0
8037,2.1,5,1,6286.0
8043,5.2,4,1,13097.0
6081,2.1,131,7,131906.0
6083,4.6,82,5,78651.0
6087,6.4,22,3,52207.0
6095,3.9,92,4,82492.0
6101,8.9,0,1,18366.0
6103,6.2,8,1,15663.0
6109,5.0,6,1,16689.0
6009,4.2,0,1,14134.0
6013,3.1,163,7,204773.0
6015,6.3,6,1,6650.0
2013,2.0,0,0,173.0
13149,3.7,0,0,2410.0
20059,3.6,5,1,5613.0
6025,17.1,28,2,32193.0
6029,9.1,144,10,121686.0
6031,9.8,22,1,17944.0
6039,8.1,10,1,25950.0
13067,3.1,119,2,109331.0
13069,4.1,10,1,7399.0
13073,3.1,0,0,24002.0
13077,3.0,19,2,24038.0
13081,4.0,16,1,4655.0
13087,3.7,10,1,5926.0
13093,3.8,0,1,2541.0
13095,4.8,50,1,18328.0
13101,2.8,0,0,563.0
13103,3.0,0,1,9427.0
13109,3.6,0,1,2210.0
13115,3.7,65,2,21201.0
13119,3.8,8,1,5786.0
8061,1.4,0,1,348.0
8063,2.0,0,1,1568.0
8069,2.6,55,5,64093.0
12089,2.8,0,1,22208.0
12091,2.7,57,3,42952.0
12097,3.1,66,3,65381.0
12099,3.0,401,12,332695.0
12101,3.3,166,6,139976.0
12107,4.3,10,1,20511.0
12109,2.5,47,1,57143.0
12113,2.8,16,3,36450.0
12115,3.0,118,4,149430.0
12117,2.8,38,2,85484.0
12127,3.3,148,5,153435.0
12131,2.8,28,2,16267.0
13003,3.0,0,0,1454.0
13005,3.8,4,1,2264.0
13009,4.5,12,1,9133.0
13015,3.4,21,1,19439.0
13023,5.0,0,1,2777.0
13025,3.9,0,0,3618.0
13031,3.8,24,1,10770.0
13037,3.5,0,0,1269.0
13049,3.8,0,0,2206.0
13053,4.5,0,0,663.0
13057,2.8,15,1,42146.0
13063,4.3,34,1,39491.0
9013,3.9,16,2,28081.0
10005,4.6,38,3,71011.0
11001,,314,6,98483.0
12003,2.9,0,1,5132.0
12005,3.3,77,2,40969.0
12011,2.9,587,14,339035.0
12015,3.5,51,3,72501.0
12071,3.0,141,4,201905.0
12079,3.4,0,1,4544.0
12081,3.0,90,3,105708.0
8085,3.6,8,1,11566.0
12017,4.8,40,2,61190.0
12029,3.8,0,0,4377.0
12031,3.1,412,7,168772.0
12041,3.2,0,0,4265.0
12043,3.6,0,0,2791.0
12045,3.7,0,1,4124.0
12049,4.3,0,1,4765.0
12051,4.7,3,1,6311.0
12053,4.1,44,2,62695.0
12061,3.6,40,2,54244.0
12063,3.4,7,1,11797.0
12069,3.1,158,4,109243.0
8075,2.5,4,1,4404.0
8077,4.1,44,3,35034.0
8081,4.3,0,1,2454.0
8087,2.8,6,2,5267.0
8091,3.6,0,0,1482.0
8097,2.5,4,1,3195.0
8103,3.7,0,2,1200.0
8109,4.9,0,0,1427.0
8119,3.2,0,1,6985.0
8121,2.4,0,0,1119.0
8125,1.9,0,2,1994.0
9003,4.4,216,7,177843.0
9007,3.9,24,1,37777.0
5015,4.0,0,2,7882.0
5017,8.8,0,1,2823.0
5025,4.8,0,0,2065.0
5027,4.7,6,1,5375.0
5033,3.7,8,1,14412.0
5045,3.4,25,2,20629.0
5047,3.9,0,1,4479.0
5053,3.9,0,0,4168.0
5059,3.8,6,1,8244.0
5067,7.2,0,0,4017.0
5073,5.2,0,0,1902.0
5081,5.1,0,1,3328.0
5083,4.8,0,2,6039.0
5087,2.7,0,0,4124.0
15001,3.3,24,6,45787.0
15007,2.8,9,3,15720.0
16001,2.4,105,3,81383.0
16003,6.8,0,0,1409.0
16009,6.2,0,1,2834.0
16017,4.9,4,1,13065.0
16019,2.6,35,2,19238.0
5089,4.7,0,0,5798.0
5091,4.3,0,0,9322.0
5093,6.0,5,2,8987.0
5099,4.2,0,0,2274.0
5103,5.5,8,1,6484.0
5113,5.7,6,1,5759.0
5115,4.4,11,1,13199.0
5121,4.5,2,1,4834.0
5133,5.4,0,0,3101.0
5137,5.7,0,1,4468.0
13317,5.5,0,1,2799.0
13321,3.8,0,1,4456.0
4005,5.8,41,3,21712.0
4009,4.8,0,1,5929.0
4011,3.7,0,0,1379.0
4012,5.6,3,2,6161.0
4017,7.6,12,4,25035.0
4021,4.7,22,4,85443.0
4023,7.2,0,1,10230.0
4027,12.0,42,1,37158.0
5003,7.1,6,1,5345.0
5013,5.2,0,0,1301.0
16071,2.5,0,1,1036.0
16077,3.8,0,1,1447.0
16079,6.7,0,1,3957.0
16083,3.0,30,1,16497.0
17003,5.0,0,0,1749.0
17007,5.5,0,0,10262.0
17011,4.4,9,2,8171.0
17015,4.0,0,0,4389.0
17023,4.0,0,0,3871.0
17033,3.5,0,1,4488.0
17037,3.5,16,2,16286.0
17041,2.6,0,0,4142.0
17043,2.6,257,6,164935.0
18117,3.8,0,1,4830.0
18121,3.9,0,0,3753.0
18127,4.1,32,1,34106.0
18135,4.2,0,1,6187.0
18137,3.7,0,0,6109.0
18141,3.6,74,3,51166.0
18149,4.8,1,1,5987.0
18151,2.5,2,1,8275.0
18159,2.8,0,1,3718.0
18161,3.3,0,0,1621.0
18167,4.2,54,2,22572.0
18169,3.2,0,1,8388.0
18175,3.7,0,1,6259.0
18181,2.8,0,1,5897.0
19001,3.0,0,1,1799.0
17047,4.2,0,0,1632.0
17051,4.0,4,1,4708.0
17053,3.5,2,1,3096.0
17057,5.3,5,1,8505.0
17063,4.7,8,1,9081.0
18055,4.5,5,1,7573.0
18057,2.4,10,5,47158.0
18065,3.4,10,1,11757.0
18067,3.8,13,2,20227.0
18071,2.5,7,1,9286.0
18077,3.4,6,1,7709.0
18087,2.5,0,1,5975.0
18091,4.7,34,2,23828.0
18097,3.1,526,9,152425.0
18101,2.4,0,0,2465.0
18103,4.2,4,1,7317.0
18109,3.3,10,1,15828.0
16023,2.5,0,1,687.0
16025,2.8,0,0,262.0
16029,3.4,0,1,1423.0
16033,4.7,0,0,137.0
16041,2.2,0,1,2354.0
16043,3.0,0,0,2703.0
16047,3.2,0,1,3096.0
16053,3.1,0,1,3821.0
16055,4.1,55,2,39130.0
16061,6.2,0,0,2108.0
16065,1.8,4,1,3190.0
16069,3.0,9,1,10419.0
18007,3.0,0,0,1959.0
18013,3.3,0,0,4358.0
18015,3.3,0,0,4629.0
18019,3.1,25,1,24317.0
18025,5.6,0,0,2739.0
18031,3.2,0,1,5698.0
18035,4.0,36,1,24571.0
18045,3.5,0,0,4203.0
13137,3.5,4,1,10072.0
13141,5.5,0,0,2442.0
13147,4.3,0,0,6683.0
13155,4.7,0,1,2173.0
13159,2.9,0,1,3155.0
13165,4.6,0,1,1827.0
13171,4.7,0,0,4164.0
13173,4.0,0,1,1715.0
20091,2.7,110,9,98744.0
20097,2.2,0,1,625.0
20099,4.2,5,2,5130.0
20103,3.8,10,2,14248.0
20109,2.2,0,1,712.0
20113,2.4,7,3,6673.0
20119,2.3,0,1,887.0
20125,4.7,7,1,8030.0
20131,2.6,0,2,2296.0
20141,2.7,0,1,1020.0
20143,2.7,0,1,1463.0
20157,2.5,0,1,1439.0
20165,2.7,0,1,933.0
20167,3.0,0,1,1918.0
20171,1.9,0,1,1075.0
20177,3.6,52,2,39876.0
22057,3.8,21,3,18617.0
22061,4.2,17,1,7540.0
22063,3.5,0,0,22553.0
22069,4.7,8,1,7958.0
22075,3.6,0,0,3859.0
22079,4.4,26,3,28937.0
22081,5.2,0,1,1762.0
22085,4.4,0,1,5730.0
21111,3.6,366,4,151195.0
21113,3.4,0,0,9849.0
21123,4.6,0,0,3522.0
21129,6.3,0,0,1921.0
21135,10.5,0,0,3103.0
21139,6.4,0,1,2718.0
21145,5.1,58,2,16954.0
21153,16.0,0,0,3313.0
21159,9.3,0,0,2949.0
21167,4.7,4,1,5489.0
21171,4.8,0,1,2826.0
21173,5.7,4,1,6214.0
21179,4.3,4,1,9985.0
19053,2.2,0,1,1857.0
18003,3.4,170,6,67438.0
13181,4.0,0,0,2174.0
19061,3.4,18,3,20646.0
19069,3.2,0,1,2412.0
19075,3.2,0,1,2950.0
19077,3.9,0,1,2945.0
19089,3.8,0,1,2303.0
19093,2.9,0,1,1772.0
19101,2.4,0,1,4559.0
19103,1.9,95,2,20799.0
19107,4.4,0,1,2569.0
19111,4.2,10,2,8692.0
19127,6.9,0,1,8963.0
19129,2.3,0,0,3434.0
19135,3.2,0,1,1851.0
19139,3.2,5,1,8742.0
19145,2.6,2,2,4083.0
20181,2.9,0,1,1395.0
19153,3.1,112,4,77173.0
19155,2.6,29,2,20341.0
19159,2.7,0,1,1374.0
19163,3.7,46,2,33685.0
19171,4.4,0,0,4081.0
19177,3.6,0,1,1933.0
19183,3.3,0,1,5260.0
19189,2.9,0,0,2676.0
19193,3.2,33,2,19196.0
20003,3.4,0,1,1953.0
20009,3.8,4,3,5825.0
20017,2.8,0,0,625.0
20019,3.4,0,1,1065.0
13211,3.2,0,1,4678.0
27081,5.8,0,2,1564.0
27089,8.8,0,1,2259.0
27091,3.9,0,1,5578.0
27095,7.8,4,2,6644.0
27097,7.6,6,1,7902.0
27099,3.4,0,0,8808.0
27105,3.4,0,1,4096.0
27109,2.6,218,2,28046.0
27111,5.6,5,2,16456.0
27115,7.9,0,1,7313.0
27117,4.8,0,1,2133.0
27119,4.5,5,2,6955.0
27129,6.1,0,1,3680.0
27133,2.5,0,1,2324.0
19059,4.1,3,1,5297.0
27141,4.4,0,0,14618.0
27145,3.8,41,4,28628.0
27149,3.3,0,1,1829.0
27157,4.3,0,2,5184.0
27163,2.9,31,2,46061.0
27171,4.0,3,2,20944.0
28005,6.8,0,0,3445.0
28009,5.9,0,0,2056.0
28011,7.1,8,1,7450.0
28015,6.1,0,0,2952.0
28021,9.5,0,1,1979.0
28031,4.8,0,1,4378.0
28039,6.9,6,1,4742.0
19149,2.3,0,1,5316.0
28045,5.3,6,1,10319.0
28051,9.3,0,1,4307.0
28053,11.5,0,0,2032.0
28059,5.6,48,1,29183.0
28067,5.2,14,1,14581.0
28073,4.0,17,1,9850.0
23007,4.7,5,1,8152.0
13215,4.4,61,3,36347.0
13239,4.5,0,0,791.0
27077,3.8,0,1,1124.0
45031,3.4,12,2,15877.0
45035,2.6,0,0,28753.0
45037,3.0,0,1,5776.0
47011,3.7,27,1,23575.0
47017,5.3,6,1,7962.0
47021,2.9,0,1,8221.0
47025,4.8,5,1,8976.0
47033,4.6,0,0,3425.0
47035,6.3,12,1,22929.0
47041,4.9,4,1,4842.0
47047,3.7,0,0,10408.0
47049,4.7,0,0,5569.0
47059,5.3,6,1,19680.0
47061,4.7,0,0,3863.0
27137,4.4,179,8,47284.0
23015,4.8,4,1,11406.0
23021,5.6,0,2,5610.0
23023,3.1,0,0,9891.0
23031,4.0,14,2,52269.0
28041,7.6,0,2,2449.0
31149,2.4,0,0,281.0
31151,3.6,0,2,2594.0
31155,2.8,0,1,4447.0
31161,2.5,0,1,1470.0
31169,2.5,0,1,1440.0
31173,3.7,0,1,1055.0
31181,3.5,0,1,996.0
32005,3.9,0,1,16172.0
32007,3.3,7,1,6855.0
32013,3.3,3,1,2920.0
32017,3.8,0,1,1213.0
32023,4.9,0,1,17150.0
23011,4.0,16,2,33173.0
39105,8.8,0,0,5584.0
39107,3.1,5,1,8690.0
39117,4.9,3,1,7361.0
39119,6.3,48,1,20652.0
39125,5.2,0,1,4382.0
39129,4.7,8,1,11426.0
39133,5.0,16,1,32599.0
39135,4.5,0,0,9375.0
39139,5.2,37,3,29004.0
39141,5.3,12,1,16641.0
39149,4.1,7,1,9706.0
39151,5.3,128,3,87234.0
39157,5.5,38,2,20976.0
39161,4.3,5,1,6569.0
47065,3.6,215,3,74993.0
47067,6.7,0,1,1591.0
47071,5.4,0,1,7709.0
47077,5.1,0,1,6507.0
47083,6.3,0,1,2019.0
47087,5.6,0,0,3376.0
47095,6.5,0,0,1395.0
47101,4.1,0,0,3057.0
47107,4.2,4,1,13491.0
47109,6.1,0,0,7410.0
47111,3.4,0,1,5253.0
47119,3.2,65,1,20116.0
47125,4.1,21,1,26759.0
47135,5.9,0,1,2208.0
47137,5.3,0,0,1669.0
24011,3.8,0,0,6918.0
24013,3.1,10,1,34151.0
24021,3.2,18,1,43149.0
24023,5.3,2,1,7387.0
24031,2.9,150,6,170136.0
24033,3.6,89,5,136655.0
24043,4.2,48,1,31915.0
32031,3.2,331,5,91418.0
32510,4.1,24,1,14635.0
33003,3.2,8,2,16318.0
33009,2.5,54,5,22073.0
33015,3.3,43,3,67857.0
33019,2.7,0,1,11483.0
34003,3.4,147,6,176845.0
34009,12.1,16,1,28985.0
34013,5.0,267,7,125205.0
39167,6.8,11,2,15269.0
39171,3.8,7,2,8622.0
39175,3.7,5,1,5036.0
40003,2.1,0,0,1218.0
40011,2.3,0,2,2244.0
40013,2.7,8,1,9613.0
40017,2.7,8,1,22454.0
40025,1.5,0,1,642.0
40029,4.0,0,1,1238.0
40035,3.5,0,1,3990.0
40039,2.7,4,2,4952.0
40045,2.3,0,1,942.0
40049,3.4,0,1,6474.0
40055,3.5,0,1,1326.0
37193,4.0,8,1,18159.0
47141,3.9,38,1,17366.0
48045,3.9,0,0,454.0
48049,3.9,12,1,9568.0
48055,3.2,0,1,7742.0
48061,5.8,104,4,64634.0
48065,2.9,0,0,1254.0
48067,4.4,0,0,8220.0
48073,4.1,0,2,11010.0
48077,3.0,0,1,2692.0
48081,2.9,0,0,962.0
48085,3.0,195,11,121086.0
48087,3.5,0,1,650.0
48091,3.0,12,1,34039.0
24047,9.4,6,1,16189.0
25007,7.3,0,1,5091.0
25013,4.4,119,5,104926.0
25015,3.0,11,1,34997.0
25017,2.4,216,11,280644.0
34017,3.6,105,6,86611.0
34019,3.4,12,1,26433.0
34021,3.6,92,4,68731.0
34029,4.6,106,4,158087.0
34033,5.8,19,2,14833.0
34035,3.5,28,1,58657.0
34041,4.2,20,2,23292.0
35007,4.7,4,1,3818.0
30055,2.1,0,1,356.0
30057,3.7,0,2,2602.0
37195,5.3,14,1,19627.0
37199,4.0,0,0,5840.0
38005,4.6,0,0,1135.0
38009,4.2,0,1,1719.0
38017,2.3,111,2,25377.0
38027,4.7,0,0,661.0
38029,5.8,0,1,1011.0
38037,2.6,0,1,724.0
38039,2.2,0,1,731.0
38043,5.4,0,0,649.0
38047,3.6,0,0,533.0
38053,2.0,0,1,1244.0
38059,3.8,0,0,6109.0
38063,3.9,0,1,980.0
47001,3.8,25,1,19439.0
47003,4.1,8,1,9627.0
40065,2.6,6,1,4570.0
40071,3.8,6,2,10702.0
40083,2.7,0,1,8792.0
40085,2.2,0,1,2428.0
40091,6.3,0,0,6501.0
40099,2.9,0,1,3379.0
40101,3.5,24,1,16372.0
40107,4.8,0,1,2782.0
40111,4.4,0,2,9594.0
40117,3.5,0,1,4158.0
40119,2.6,11,2,12550.0
40125,3.2,14,1,15718.0
25021,2.7,59,4,137391.0
25023,3.6,47,3,114007.0
26003,7.3,0,1,2833.0
26005,2.9,0,1,24132.0
26007,4.6,9,1,9108.0
30063,4.0,32,2,23149.0
30065,5.6,0,1,1466.0
30071,4.6,0,1,1060.0
30077,4.2,0,1,1687.0
30083,3.0,0,1,2007.0
30087,4.9,1,1,1805.0
30091,2.7,0,1,970.0
30097,2.9,0,1,1024.0
30101,3.3,0,1,987.0
38065,5.8,0,0,462.0
38067,4.2,0,1,1851.0
38071,3.4,0,1,2719.0
38075,3.4,0,0,563.0
38081,1.6,0,0,953.0
38089,2.5,4,1,4818.0
38093,2.7,6,1,5049.0
38097,2.7,0,2,1763.0
38101,3.1,19,2,10269.0
39001,8.6,0,1,6845.0
39005,4.8,6,1,11781.0
39011,3.6,6,1,9775.0
39013,7.8,15,2,16627.0
39017,4.1,74,4,69155.0
39019,6.4,0,0,6830.0
42003,4.7,580,15,268135.0
42007,5.7,20,1,43347.0
48361,5.0,0,0,17689.0
48369,2.4,0,1,1524.0
48383,2.8,0,1,460.0
48385,4.8,0,0,1286.0
48387,4.7,0,0,3674.0
48395,3.6,0,0,3928.0
48399,3.2,0,2,2685.0
48403,7.0,0,1,3757.0
48415,3.8,0,1,3014.0
48417,2.5,0,0,747.0
48419,4.3,0,0,5382.0
48423,3.5,194,4,46721.0
48427,12.9,0,1,9611.0
48431,3.3,0,0,238.0
26017,4.6,32,1,27092.0
26019,5.9,0,1,5735.0
26021,3.8,20,2,37038.0
26027,3.9,0,1,13166.0
26031,14.3,0,0,8677.0
26033,6.5,6,1,8449.0
30109,2.9,0,0,277.0
31007,3.1,0,0,231.0
31011,2.9,0,1,1284.0
31013,3.0,0,1,2397.0
31019,2.5,34,2,8405.0
31025,3.3,0,0,5448.0
31029,1.9,0,1,897.0
31033,3.3,4,1,2181.0
31039,2.5,0,1,2206.0
31045,2.4,0,1,1878.0
31051,3.2,0,0,1237.0
31057,2.3,0,1,515.0
31071,2.3,0,0,523.0
31075,2.3,0,0,196.0
39023,5.0,38,2,31512.0
39025,4.2,16,1,41471.0
39029,5.8,20,2,25396.0
39033,5.3,9,2,11014.0
39037,4.5,6,1,11880.0
39041,3.3,6,1,32133.0
39043,6.0,18,1,19490.0
39049,3.7,449,10,188356.0
35019,4.9,0,1,1057.0
35021,4.5,0,0,218.0
35025,4.1,8,2,9439.0
35033,7.1,0,0,1560.0
35039,5.7,8,1,9660.0
47143,5.9,3,1,8029.0
47147,3.1,8,1,13866.0
47149,2.8,78,3,43405.0
47155,6.2,16,1,24739.0
47161,5.2,0,0,3594.0
47167,4.4,7,1,11619.0
47175,5.3,0,0,1764.0
47177,4.6,8,1,9697.0
45055,3.4,10,1,14944.0
45061,5.3,0,0,4324.0
45065,4.1,0,0,3970.0
45071,2.8,7,1,9379.0
45073,2.9,12,1,22171.0
26041,5.4,9,1,10993.0
26043,4.2,6,1,7154.0
26047,6.3,58,1,9366.0
26051,5.8,0,1,8725.0
26065,2.8,219,2,50973.0
26069,6.9,4,1,9540.0
17131,5.5,0,1,4194.0
13191,3.6,0,0,3261.0
31079,3.7,16,1,10851.0
31081,2.9,0,1,2190.0
31083,3.0,0,1,934.0
31087,3.5,0,0,869.0
31099,2.3,0,1,1279.0
31101,3.0,0,1,2357.0
31105,2.7,0,1,1035.0
31109,2.6,108,4,50561.0
31115,4.1,0,0,170.0
31119,3.0,24,1,7067.0
28091,5.3,6,1,6079.0
28097,5.9,0,1,2842.0
28101,5.1,0,0,5050.0
28109,4.8,6,2,14104.0
28119,7.7,0,1,1807.0
28121,3.8,18,4,28483.0
28129,5.2,0,1,3726.0
35041,4.4,0,1,3186.0
35043,4.8,0,1,31422.0
35049,4.0,22,3,40950.0
35057,7.0,0,0,3768.0
35061,5.3,0,0,16633.0
36007,5.4,47,2,45899.0
36011,5.1,14,1,16829.0
36013,5.6,26,3,31686.0
36019,5.0,21,1,18940.0
36027,3.9,51,2,61605.0
36033,5.6,13,2,11631.0
36035,5.8,8,1,13677.0
36039,5.0,0,0,12491.0
40131,2.9,6,2,18921.0
40135,4.0,0,1,10207.0
40137,4.2,9,1,12116.0
40143,2.9,379,12,116584.0
40145,3.0,6,1,15398.0
40149,3.8,0,1,2396.0
41003,2.8,12,1,17342.0
41005,3.3,54,3,88361.0
41011,4.6,12,3,21165.0
41013,5.7,0,1,7374.0
41021,5.8,0,0,570.0
41027,3.1,0,1,4445.0
26075,3.4,51,1,35498.0
26079,6.5,0,1,4928.0
26081,2.4,150,3,110465.0
26087,5.7,10,1,20097.0
26093,3.0,8,2,39347.0
26095,5.9,0,1,1701.0
26099,3.7,122,4,180165.0
26101,5.8,0,1,7843.0
26115,3.4,0,1,33587.0
28137,5.2,0,1,6153.0
28141,5.7,0,1,5349.0
28143,6.1,0,0,2017.0
28153,6.0,6,1,4406.0
28155,5.6,0,1,3094.0
28157,9.5,0,1,2049.0
28163,6.0,0,1,5210.0
29007,4.0,0,1,5797.0
29017,4.3,0,0,3133.0
29023,4.6,14,2,11066.0
29029,6.9,18,1,13806.0
29035,6.5,0,0,1717.0
29041,3.7,0,0,2057.0
29045,4.7,0,0,1700.0
36041,8.7,0,0,1700.0
36045,7.1,10,3,20784.0
36051,5.0,0,1,13990.0
36055,4.3,191,5,159262.0
36059,3.5,461,10,276379.0
36063,5.8,32,3,50734.0
36071,4.1,76,4,66322.0
36073,5.5,0,1,9118.0
36075,6.4,8,1,25800.0
48435,3.9,0,1,799.0
48437,3.8,0,1,1568.0
48441,2.9,110,2,25417.0
48447,3.7,0,1,412.0
48451,3.0,29,2,22435.0
48453,2.6,294,10,142291.0
48457,5.9,0,1,5251.0
48467,3.5,0,1,13460.0
48469,3.8,43,2,18189.0
48477,3.3,5,1,8833.0
48483,3.2,0,2,1176.0
48485,3.2,24,3,25227.0
48489,8.2,0,0,3692.0
48499,4.1,0,2,15107.0
49001,3.0,0,2,1228.0
49007,4.3,6,1,4564.0
26071,6.0,3,1,4021.0
26125,2.9,409,12,249786.0
26131,6.3,0,1,2504.0
26135,6.5,0,0,3006.0
26145,4.4,133,3,46590.0
26147,4.7,23,3,38022.0
26157,5.1,0,2,13977.0
29047,3.0,172,3,43418.0
29051,2.9,25,2,15533.0
29055,4.7,0,0,6252.0
29057,3.7,0,0,2215.0
29061,3.7,0,0,2034.0
29067,4.9,0,0,3779.0
29073,3.6,0,1,4099.0
29077,3.0,163,2,61019.0
29079,3.5,0,1,2577.0
29087,3.1,0,0,1253.0
37011,3.9,0,1,4706.0
37013,4.4,8,1,13828.0
37019,5.2,19,2,48168.0
37025,3.4,25,1,34807.0
13223,3.1,8,1,22356.0
36081,3.0,129,6,374573.0
36087,3.7,39,3,59287.0
36089,6.0,20,5,24203.0
36093,4.0,36,2,33672.0
36099,4.8,0,0,7929.0
36103,4.0,281,10,299245.0
36107,5.1,0,0,11787.0
36117,4.9,8,1,22720.0
42017,4.5,90,7,139881.0
42023,8.0,0,0,1516.0
45079,2.9,211,3,67860.0
45083,2.8,39,1,66053.0
45085,3.7,17,1,22451.0
45089,4.9,4,1,8246.0
46005,3.3,6,1,3807.0
46011,3.1,0,1,4783.0
46019,3.8,0,0,2427.0
46023,3.5,0,2,1904.0
46033,5.3,0,1,2882.0
46039,7.7,0,1,1135.0
46041,6.4,0,1,811.0
46045,3.1,0,1,928.0
46051,5.4,0,1,1845.0
46059,2.8,0,1,868.0
26159,4.5,0,2,17796.0
26163,4.4,586,14,340821.0
27001,7.9,4,1,5132.0
27003,3.3,35,1,59751.0
27011,6.0,0,2,1551.0
27017,5.4,6,2,7805.0
27025,4.9,10,1,10731.0
27035,5.6,16,2,18429.0
27037,2.9,12,2,71282.0
27041,3.8,8,1,10875.0
27043,5.3,4,1,3841.0
27045,4.6,0,0,5106.0
27053,2.6,311,8,204695.0
27059,5.3,0,1,8051.0
37035,3.4,52,2,37104.0
37037,3.2,4,1,19258.0
37039,4.4,0,1,10013.0
37041,4.3,4,1,4261.0
37047,4.9,10,1,13867.0
37059,3.3,0,1,10506.0
37061,3.8,9,1,11152.0
37065,5.3,15,1,12751.0
37069,3.8,0,0,12833.0
37071,3.8,74,1,45699.0
37075,6.4,0,0,2236.0
37077,3.2,6,1,12226.0
37083,5.9,16,2,14555.0
37087,3.5,12,1,18822.0
42027,3.7,0,1,24950.0
42029,3.5,93,5,96973.0
42033,7.0,27,2,20451.0
42039,6.0,16,2,22083.0
42045,4.4,100,4,111311.0
42049,5.7,88,4,60411.0
42051,7.8,15,2,35782.0
42055,4.7,24,2,34562.0
42061,8.4,7,1,10951.0
42067,5.7,0,0,5714.0
42073,7.5,18,2,23204.0
42079,6.6,71,3,76068.0
41029,4.5,50,3,58515.0
41033,5.1,12,1,27853.0
41039,3.9,67,5,89874.0
41043,4.2,11,2,30743.0
41049,4.6,0,1,2254.0
41051,3.2,165,6,133904.0
41059,5.2,3,2,14998.0
41065,4.8,17,1,6704.0
41071,3.4,11,2,22034.0
27063,3.8,0,1,2480.0
27065,9.2,4,1,4207.0
27069,4.6,0,1,1223.0
29105,6.0,4,1,8895.0
29111,3.7,0,0,2319.0
29119,3.3,0,0,4375.0
29125,3.7,0,0,2194.0
29129,4.1,0,0,948.0
29139,3.8,0,0,3109.0
29141,5.9,0,0,6440.0
29147,3.3,0,1,4029.0
29153,6.0,0,0,3137.0
29157,3.1,0,1,4247.0
29161,3.8,18,1,9303.0
29167,3.4,8,1,7193.0
37095,13.3,0,0,1156.0
37099,4.2,9,1,9067.0
37105,4.1,8,1,12885.0
37111,3.8,9,1,11976.0
37115,3.6,0,0,5976.0
37121,5.0,0,1,4560.0
37129,3.4,57,2,47751.0
37135,2.9,13,1,24118.0
37139,4.6,10,1,8732.0
37143,4.7,0,0,4068.0
37147,3.9,71,1,30791.0
37153,5.3,0,0,11158.0
42085,6.0,45,4,29660.0
42089,6.2,44,2,35435.0
42095,5.0,64,4,70466.0
42101,5.9,528,15,268194.0
42109,5.7,0,0,8815.0
42111,7.0,14,3,19845.0
42115,5.9,4,2,10720.0
42119,4.4,12,1,8708.0
42121,6.6,8,1,14667.0
42125,5.6,50,4,52152.0
42133,4.4,60,5,94910.0
49009,4.6,0,0,267.0
49013,4.8,4,1,3288.0
49019,8.0,0,1,2122.0
49023,2.8,0,1,1738.0
48001,2.9,10,1,10926.0
48013,3.7,6,1,9126.0
48015,3.6,0,1,6608.0
48017,3.7,0,1,1165.0
48023,2.6,27,1,1074.0
48025,4.8,8,1,4826.0
48029,3.1,648,13,298497.0
48033,2.3,0,0,145.0
48035,3.6,0,1,5314.0
48039,4.3,16,3,51652.0
29171,4.0,0,1,1412.0
29175,4.2,8,1,5522.0
29177,3.8,0,1,5219.0
29181,5.0,0,0,3800.0
29186,4.0,0,1,4253.0
29187,5.0,10,2,15888.0
29197,5.0,0,0,970.0
29203,6.3,0,0,2244.0
29207,5.2,4,1,7856.0
29213,12.5,18,1,15186.0
29219,3.7,0,0,7580.0
29225,3.9,0,0,8524.0
29510,4.0,207,3,54321.0
30003,7.4,0,2,2004.0
37159,4.0,20,1,32178.0
37163,3.7,8,1,13472.0
37169,3.5,0,1,11295.0
37175,3.5,4,1,10920.0
39061,4.0,297,8,151897.0
39071,6.2,0,2,10105.0
39077,7.9,12,2,13117.0
39081,7.0,20,1,17230.0
39087,5.9,0,1,14965.0
39093,5.6,75,4,67652.0
39099,6.3,67,3,57890.0
39101,4.3,15,1,14569.0
44001,3.3,0,0,11926.0
44003,3.7,15,1,40519.0
44005,3.8,10,1,20458.0
45001,3.7,6,1,6519.0
45003,3.1,35,1,39462.0
45007,2.9,40,1,45874.0
45017,3.5,0,0,3867.0
45023,4.4,6,1,7837.0
45025,3.1,6,1,10071.0
46063,2.5,0,0,252.0
46065,3.2,6,1,3599.0
46069,3.7,0,0,334.0
46075,3.8,0,0,239.0
46079,3.4,0,1,4288.0
46085,5.2,0,0,692.0
46093,3.7,3,1,5900.0
46097,3.0,0,0,610.0
46101,3.9,0,1,1404.0
46115,4.8,0,1,1637.0
46117,4.1,0,0,709.0
46121,6.3,0,1,1034.0
46127,3.7,0,1,3382.0
30005,4.2,0,1,1196.0
30009,4.6,0,1,2990.0
30015,3.3,0,2,1280.0
30019,3.0,0,1,473.0
30023,3.8,0,1,2937.0
30029,6.2,22,3,24510.0
30035,8.2,0,2,2043.0
30041,3.6,6,1,3106.0
31129,3.2,0,1,1267.0
31133,2.5,0,1,699.0
31141,2.8,5,2,6538.0
19007,3.6,3,1,3442.0
19011,3.4,0,1,5571.0
19015,2.7,3,1,6210.0
19019,3.5,0,1,4406.0
19023,4.2,0,0,3822.0
19027,2.0,6,2,4931.0
19033,2.9,18,1,11487.0
17081,3.6,22,2,8825.0
17091,4.5,56,2,22654.0
17093,3.3,0,0,16990.0
17099,4.8,13,3,24868.0
17101,4.1,0,1,3322.0
17105,3.6,5,1,7980.0
17109,3.2,7,1,6249.0
17111,3.4,33,2,54987.0
17117,3.5,0,2,11541.0
17125,4.7,0,1,3788.0
17127,4.3,0,1,3861.0
13185,3.7,48,1,19076.0
13189,5.2,0,1,4917.0
13195,3.2,0,0,6664.0
13199,4.3,0,1,5438.0
13205,4.7,0,1,4710.0
13209,4.6,0,0,1909.0
13213,5.3,0,1,7789.0
13221,3.3,0,0,3352.0
13229,3.2,0,0,4367.0
13231,3.1,0,0,3789.0
13235,4.0,6,1,2236.0
13241,3.7,0,1,5401.0
13247,3.9,16,1,16790.0
13255,4.2,22,1,15549.0
13257,3.9,6,1,6987.0
13267,4.0,0,1,4292.0
13269,3.5,0,0,1923.0
20183,2.8,0,1,1190.0
20187,2.6,0,1,366.0
20189,3.1,0,1,884.0
20197,3.9,0,0,1647.0
20207,3.7,0,0,812.0
21191,4.5,0,0,3303.0
21193,7.9,32,1,7265.0
21201,5.4,0,0,517.0
21205,5.7,10,1,4866.0
21207,5.7,2,1,4565.0
21217,4.0,8,1,6370.0
21221,5.2,0,1,4075.0
21231,5.6,0,1,5381.0
21233,4.7,0,0,3202.0
21237,8.3,0,0,2101.0
21239,3.3,0,1,6034.0
22005,3.6,0,1,17902.0
22091,5.3,0,1,3212.0
22093,5.5,0,1,4502.0
22097,5.8,16,1,19696.0
22099,4.7,0,1,10765.0
22103,3.5,149,6,52849.0
22113,4.5,6,2,11443.0
22117,5.0,13,2,10894.0
21011,8.1,0,0,2986.0
21013,7.2,7,2,7153.0
21015,3.4,18,1,22217.0
21027,6.1,0,1,5077.0
21029,3.9,0,0,16147.0
17133,2.5,0,0,7056.0
17137,3.5,9,1,8172.0
17141,4.4,4,1,11344.0
17143,4.5,107,3,37221.0
17147,2.7,0,1,3733.0
17153,6.1,0,0,1555.0
17159,3.3,8,1,3881.0
17165,4.5,0,2,6288.0
17167,3.2,99,2,42009.0
17177,4.1,8,1,11933.0
17183,4.1,12,2,18325.0
17191,3.8,4,1,3996.0
17195,3.7,9,2,14194.0
17197,3.8,92,3,108500.0
18001,3.1,4,1,6166.0
13275,4.1,35,1,11036.0
13279,4.7,8,1,5986.0
13281,5.1,0,1,5106.0
13289,5.8,0,0,2536.0
13295,3.4,0,0,15617.0
13301,4.2,0,0,1495.0
20035,3.5,4,2,7687.0
20041,4.0,0,2,4566.0
20047,2.3,0,1,763.0
20051,2.1,34,1,5299.0
20053,2.6,0,1,1495.0
20057,2.4,10,2,4429.0
20063,1.9,0,1,723.0
20073,3.9,0,1,1865.0
20077,2.5,0,1,1457.0
20079,3.1,6,1,8004.0
20087,3.6,0,1,4240.0
22011,4.9,6,1,7501.0
22015,3.7,0,0,21797.0
22017,4.8,107,5,52229.0
22023,3.8,0,1,1255.0
22031,5.7,0,1,6344.0
22035,11.2,0,1,1497.0
22041,6.8,6,1,4748.0
22043,5.5,0,0,4552.0
22049,4.5,0,1,3722.0
22051,3.6,215,5,90189.0
22055,3.9,80,7,39142.0
21035,5.3,10,1,8161.0
21039,4.1,0,0,1360.0
21041,4.2,0,1,2539.0
21045,4.1,0,1,4092.0
21057,5.4,0,1,1863.0
21065,5.6,0,1,3744.0
21067,3.1,260,4,50909.0
21071,7.4,16,3,10829.0
21079,4.6,0,0,4195.0
21083,4.7,8,1,9085.0
21085,5.1,6,1,6494.0
21091,3.3,0,0,2050.0
21097,4.1,6,1,4326.0
21101,3.8,12,1,10438.0
21107,4.7,19,1,11135.0
48267,3.3,0,1,1368.0
48271,4.4,0,0,978.0
48277,3.3,20,1,11943.0
48281,3.3,0,1,5549.0
48285,2.9,3,2,5461.0
48287,2.7,0,0,3707.0
48291,5.5,0,2,14405.0
48293,4.1,6,2,5438.0
48295,2.7,0,0,627.0
48301,0.6,0,0,17.0
48305,3.6,0,1,1166.0
48307,4.6,0,1,2191.0
48317,2.9,0,1,820.0
48323,9.6,10,1,10304.0
48327,3.4,0,0,677.0
48331,4.5,0,1,6157.0
48333,3.0,0,0,1493.0
51800,2.9,12,1,17082.0
51810,2.6,50,2,75638.0
51840,2.7,48,1,5771.0
53001,7.3,0,2,2714.0
53003,4.2,0,1,6639.0
53005,5.5,44,3,36573.0
53015,5.9,18,1,27511.0
53017,6.8,0,0,8606.0
53019,13.4,0,1,2436.0
53023,7.0,0,1,690.0
53025,8.6,0,4,16549.0
51600,2.0,0,0,4724.0
55101,5.0,33,2,41482.0
55107,7.0,4,1,4160.0
55111,3.9,10,3,14468.0
55113,7.3,0,1,5808.0
55119,6.3,0,1,4358.0
55123,4.8,0,2,7334.0
55125,6.1,10,2,8916.0
55133,3.2,64,4,87752.0
55139,3.2,26,2,33843.0
56003,5.5,0,2,2776.0
56009,3.2,0,1,2665.0
56017,4.5,0,1,1507.0
56019,4.2,0,1,2293.0
54023,5.7,3,1,3337.0
54025,5.5,12,1,9949.0
54027,3.9,0,1,6097.0
54033,5.1,20,1,17036.0
54037,2.8,5,1,11339.0
54045,7.5,12,1,9340.0
54051,7.8,9,1,7414.0
54053,6.6,5,1,7011.0
54059,9.7,6,1,7225.0
54065,3.9,0,1,4846.0
54069,4.7,37,2,11498.0
54075,5.5,0,1,2419.0
48341,2.5,3,1,2640.0
54083,6.9,0,1,7520.0
54087,11.6,0,1,4262.0
54091,5.5,0,1,3982.0
54093,6.5,0,0,2048.0
54097,6.9,4,1,5963.0
54099,6.0,0,0,10676.0
54103,9.0,5,1,4221.0
54105,10.5,0,0,1626.0
54107,5.8,36,1,22461.0
55011,6.1,0,0,3425.0
55013,8.2,0,1,5640.0
55019,4.7,0,1,6921.0
55021,4.2,10,2,13160.0
55023,7.4,0,1,4561.0
53029,4.9,6,1,24404.0
49039,3.6,0,2,4922.0
49043,2.2,4,1,6254.0
49045,2.9,4,1,8136.0
49049,2.5,122,5,56458.0
49057,3.2,64,2,36847.0
50003,3.2,10,1,10100.0
50007,1.8,46,1,31362.0
50011,2.7,0,1,9403.0
50015,3.7,0,1,5518.0
50021,2.8,13,1,17134.0
56023,4.2,0,2,3900.0
51005,4.2,10,1,4651.0
51011,3.8,0,0,4090.0
51013,1.8,32,2,26418.0
51015,2.3,12,1,19253.0
51019,2.9,6,1,21379.0
51025,4.7,0,0,4222.0
51031,3.3,0,0,13443.0
51033,3.3,0,0,6274.0
51036,3.3,0,0,2017.0
51045,2.9,0,0,1414.0
51049,3.2,0,0,2435.0
51051,6.1,0,1,5038.0
54081,5.3,43,2,20493.0
51061,2.3,8,1,13399.0
51067,3.1,4,1,15346.0
51069,2.3,0,0,17417.0
51073,2.7,7,1,8949.0
51081,3.4,0,0,2650.0
51085,2.3,24,1,21989.0
51091,3.1,0,0,812.0
51095,2.7,26,2,21972.0
51103,6.4,0,1,4540.0
49037,7.4,1,2,2210.0
51119,2.9,0,0,3849.0
50025,2.4,0,2,12041.0
53037,5.7,6,1,9151.0
53039,6.6,0,2,6530.0
53059,5.5,0,0,2749.0
53075,3.9,6,2,6274.0
54017,5.2,0,0,1731.0
54029,5.3,10,1,8204.0
54043,7.7,0,0,5622.0
54055,5.7,29,2,17114.0
54073,8.6,0,0,1843.0
54085,7.1,0,0,2770.0
54095,8.9,0,1,2470.0
51057,4.1,7,1,3083.0
51115,2.8,0,0,3008.0
22095,5.1,0,0,8635.0
22111,5.6,0,2,5447.0
21001,5.8,0,1,4546.0
21005,3.9,0,0,4734.0
21007,5.8,0,0,2032.0
21019,6.1,50,2,12602.0
21037,3.4,21,1,17537.0
21049,4.1,8,1,8467.0
21061,5.1,0,0,3088.0
21069,6.4,3,1,3689.0
21081,4.5,0,1,5536.0
21093,4.1,20,1,20963.0
21109,6.6,0,0,3201.0
21125,4.7,14,1,14471.0
21131,11.1,0,1,2975.0
40037,3.4,0,3,16773.0
40047,3.0,30,2,12371.0
37183,3.1,175,4,148397.0
37187,6.6,0,1,3504.0
38003,2.6,0,1,2756.0
38013,2.9,0,0,513.0
38025,1.7,0,0,770.0
38041,2.7,0,0,692.0
38055,4.4,0,2,2555.0
38069,3.8,0,1,1099.0
38087,2.3,0,0,173.0
38095,2.8,0,1,662.0
39009,5.4,0,1,10878.0
39021,4.2,0,1,8417.0
54109,8.4,0,0,6236.0
55015,3.3,0,1,8733.0
55027,3.8,10,2,18776.0
49027,3.1,0,2,2483.0
49033,5.0,0,0,444.0
49041,3.8,0,1,4309.0
49055,11.0,0,0,665.0
50013,3.6,0,0,2148.0
51003,2.2,12,1,22022.0
51009,3.3,0,0,8197.0
51023,2.6,0,0,9169.0
51035,4.7,0,0,8598.0
51053,3.2,0,0,6233.0
51065,2.3,0,0,6293.0
1003,2.6,51,3,54145.0
1027,2.7,4,1,3796.0
1041,2.9,0,1,3724.0
1057,3.0,12,2,5110.0
1073,2.7,471,8,136483.0
1091,3.6,5,1,5639.0
1103,2.4,34,1,27180.0
1115,2.5,6,1,18904.0
1129,4.7,0,1,4271.0
21147,6.4,0,0,4056.0
21165,9.1,0,0,1856.0
21181,5.0,0,0,1740.0
19041,3.3,0,1,4082.0
19043,6.3,0,2,4817.0
19049,2.0,0,1,12590.0
19057,5.0,12,1,9861.0
19073,2.3,4,1,2451.0
19081,2.7,0,1,2647.0
19091,3.3,0,1,2314.0
19099,3.4,4,1,8509.0
19115,4.3,0,0,2407.0
19131,2.0,0,1,2513.0
19147,2.8,0,1,2200.0
19157,3.4,5,1,4368.0
19165,2.5,0,1,3248.0
19179,3.7,11,1,8135.0
19187,3.4,8,1,8474.0
19197,2.9,0,2,3184.0
39031,6.9,7,1,8553.0
39045,4.1,20,1,30174.0
35013,6.3,51,2,41998.0
35017,4.9,6,1,8991.0
35037,5.2,0,1,2718.0
35059,4.2,0,1,1013.0
36017,5.5,7,1,12427.0
36031,5.8,0,1,9900.0
36049,7.4,6,1,5639.0
36065,4.6,51,3,53960.0
36077,5.1,14,2,14827.0
51079,2.2,0,0,4024.0
12129,2.8,0,0,6439.0
13011,2.8,0,0,4000.0
13019,4.5,0,1,4066.0
13027,3.7,0,1,3771.0
13033,5.0,0,1,4840.0
13039,3.7,5,1,9159.0
13051,3.4,78,3,51875.0
13061,7.1,0,0,825.0
5149,4.2,0,2,4992.0
6011,19.9,0,1,3896.0
6027,3.9,4,2,4923.0
6047,10.4,24,2,37547.0
6063,11.0,0,3,6607.0
6077,6.6,121,7,115609.0
6091,6.7,0,0,999.0
6107,11.5,51,4,64320.0
8011,2.8,0,0,1180.0
8019,2.5,0,0,2084.0
8027,3.3,0,0,1894.0
20013,3.0,0,1,2411.0
20023,2.3,0,1,792.0
27071,6.0,0,1,3886.0
27079,6.5,0,1,5535.0
27087,6.7,0,1,984.0
27101,6.3,0,1,2299.0
27107,5.9,0,1,1701.0
27125,8.1,0,0,928.0
27131,3.6,4,2,12146.0
27143,4.9,0,1,3268.0
27159,8.3,2,1,4018.0
27169,3.1,8,1,9889.0
28007,6.3,0,1,4526.0
28023,6.0,0,1,4245.0
28035,4.6,48,1,14562.0
28043,4.8,5,1,5666.0
36091,3.6,19,1,49780.0
36101,5.5,8,3,23097.0
36113,5.3,24,1,18522.0
42011,5.0,71,3,87039.0
42019,4.9,35,1,42921.0
42025,6.2,13,2,16689.0
42037,5.6,22,2,15253.0
42053,9.5,0,0,1819.0
42057,7.7,0,1,3877.0
42075,4.5,18,1,32815.0
42081,6.1,32,3,27232.0
42099,4.7,0,0,10492.0
42117,7.1,6,1,10935.0
42131,6.2,6,1,6954.0
1005,3.5,5,1,6681.0
1013,4.1,7,1,5073.0
1019,2.8,0,1,7493.0
6041,2.3,66,3,60940.0
6053,10.0,27,4,66878.0
6061,3.2,70,3,87785.0
8041,3.4,95,3,112730.0
8049,2.2,0,1,2847.0
12085,3.0,74,1,49510.0
12093,2.9,8,1,9048.0
12105,3.5,145,5,162817.0
12121,3.4,0,1,11787.0
12133,3.5,0,1,5909.0
13007,4.6,0,0,728.0
13021,3.9,117,3,32299.0
13035,3.5,0,1,5049.0
13047,3.1,0,1,14231.0
13065,3.9,0,1,1545.0
13075,3.5,0,1,3729.0
28057,4.9,0,0,5865.0
28069,7.2,0,1,2155.0
22119,5.7,16,2,9852.0
22125,3.7,0,1,2243.0
23017,4.8,6,2,16225.0
24015,4.1,5,1,19922.0
24027,2.7,16,1,49373.0
25001,6.1,34,2,78585.0
25003,4.3,24,2,35315.0
25027,3.6,169,8,160214.0
26025,3.6,32,2,31874.0
26039,6.0,6,1,4196.0
26049,4.1,151,3,92586.0
44007,4.2,237,6,123400.0
45021,3.4,12,1,12855.0
45033,4.3,6,1,6678.0
45045,2.6,137,6,99623.0
47009,3.8,16,1,32365.0
47019,4.5,8,1,15557.0
47037,2.7,614,9,102730.0
47051,4.1,10,1,10723.0
47063,4.4,20,1,15640.0
47075,5.1,0,0,4319.0
47085,4.8,0,1,4660.0
47099,4.3,6,1,10574.0
47113,3.8,76,1,21262.0
47127,3.3,0,0,1478.0
6019,8.5,164,7,144367.0
6023,3.9,32,4,30069.0
6035,5.8,0,1,5565.0
6037,4.6,2126,76,1530126.0
13085,2.8,0,0,5312.0
13099,4.4,0,1,2493.0
13117,2.8,24,1,30091.0
8051,2.2,0,1,2642.0
8055,7.9,0,1,2633.0
8065,2.0,0,1,1128.0
8079,2.8,0,0,303.0
8089,4.5,506,1,4914.0
8101,4.3,32,2,39754.0
8117,1.6,8,1,4027.0
9005,4.5,21,2,43789.0
12007,3.0,0,1,5994.0
12019,2.9,28,2,44339.0
12027,3.3,8,1,7750.0
12035,3.6,18,1,38818.0
26059,3.6,4,1,10762.0
26063,4.5,4,3,9555.0
26113,5.2,0,0,3963.0
26119,9.4,0,0,4050.0
26129,7.8,10,1,7219.0
26137,4.9,4,1,6869.0
26149,3.2,8,2,13655.0
27005,5.6,8,1,8987.0
27013,2.9,29,1,11614.0
27023,5.0,0,1,2827.0
27033,3.8,0,2,3098.0
27047,3.7,18,1,7997.0
27061,6.8,9,3,12729.0
29095,3.9,274,9,129081.0
47133,4.7,6,1,5941.0
47145,4.7,6,1,15301.0
47159,3.4,2,1,4270.0
47165,3.0,38,2,36204.0
45047,3.5,30,1,16341.0
45051,4.2,100,4,98507.0
45059,3.2,8,1,16570.0
45069,4.7,0,0,6479.0
45087,3.9,6,1,7643.0
46015,3.4,0,1,1070.0
46025,4.8,0,0,859.0
46037,6.4,0,1,1569.0
46049,3.8,0,1,581.0
46057,3.5,0,0,1181.0
46067,4.2,0,2,1997.0
46077,3.8,0,1,1404.0
51097,2.5,0,0,1874.0
51109,2.8,0,0,8570.0
1035,3.8,0,1,3745.0
1039,3.2,13,2,10139.0
1049,2.7,12,1,16222.0
1053,3.4,14,2,9132.0
1063,5.5,0,1,2392.0
1069,2.8,66,2,24638.0
1075,3.1,0,0,3994.0
1077,3.0,48,1,22596.0
12047,4.2,0,0,3066.0
12067,2.8,0,0,1166.0
12077,3.5,0,0,1439.0
4001,10.2,0,4,13190.0
4007,5.4,8,3,17719.0
4019,4.2,296,9,228674.0
5011,4.3,0,1,2651.0
5023,5.6,0,1,8448.0
5037,4.6,0,1,4132.0
5039,5.1,0,1,2045.0
5055,4.1,8,1,9973.0
5065,6.7,0,0,4275.0
5079,5.3,0,0,2543.0
29099,3.8,67,2,44813.0
29115,5.4,0,1,3363.0
29121,4.1,0,1,4169.0
29135,3.6,0,0,3127.0
29145,3.4,0,1,13100.0
29163,4.0,0,1,3935.0
29173,3.7,0,0,2678.0
29185,4.9,0,1,2866.0
29201,4.1,12,1,10155.0
29215,4.8,4,1,6158.0
29223,5.0,0,0,3903.0
30007,5.0,0,1,1563.0
30021,3.0,3,1,1971.0
30031,2.5,8,2,16541.0
46091,5.5,0,1,1104.0
46107,3.5,0,1,728.0
46119,2.7,0,0,381.0
46129,7.2,4,1,1579.0
40057,2.6,0,1,656.0
40061,5.5,0,1,3353.0
40069,5.1,0,1,2674.0
40075,2.9,0,1,2334.0
40093,2.0,0,1,1772.0
40103,2.4,0,1,2643.0
40115,2.9,9,1,8516.0
40133,4.4,0,1,5830.0
40141,3.2,0,0,1780.0
41009,4.6,0,0,12537.0
6067,3.8,396,8,266365.0
6071,3.8,410,18,310289.0
6111,3.7,139,7,152317.0
8005,2.8,127,3,100817.0
5109,4.6,0,0,2926.0
5117,4.5,0,0,2243.0
5135,5.9,0,0,6606.0
13307,5.0,0,0,562.0
13311,2.7,0,0,7663.0
13315,4.2,0,0,1741.0
16005,3.0,20,1,15556.0
16027,3.3,41,3,39028.0
16039,3.6,0,1,4773.0
16063,5.8,0,0,1092.0
16075,3.9,0,0,5785.0
17001,2.8,25,1,15299.0
17017,3.7,0,0,2695.0
30047,5.5,0,2,7806.0
31123,3.8,0,1,1047.0
31127,2.8,0,1,1648.0
31143,3.4,0,1,1331.0
31153,2.9,8,2,26290.0
31167,2.8,0,0,1061.0
31179,2.4,0,1,1585.0
31185,2.5,0,2,3220.0
32011,2.4,0,0,369.0
32027,4.4,0,1,1098.0
33005,3.1,27,1,19089.0
33017,2.8,17,2,25993.0
34027,3.3,91,3,94132.0
34037,4.4,10,1,30393.0
41023,9.4,0,1,2388.0
41047,4.0,68,3,67900.0
41061,5.5,4,1,6682.0
42009,6.7,4,1,13201.0
48355,4.2,115,3,61565.0
48363,3.1,8,1,6528.0
48373,5.0,8,1,22439.0
48389,2.0,0,1,2202.0
48405,5.0,0,1,2612.0
48413,3.0,0,1,634.0
48421,2.4,0,0,398.0
48439,3.2,409,22,279255.0
48455,5.1,0,0,4685.0
48471,3.8,6,1,10551.0
13083,3.4,0,0,3759.0
13089,3.5,168,3,111083.0
13097,3.6,8,1,22023.0
13105,4.3,4,1,5285.0
13111,3.6,5,1,8527.0
13121,3.5,538,7,146632.0
8067,3.1,11,2,11273.0
8071,4.2,0,1,4454.0
5095,4.8,0,0,2141.0
17025,4.3,0,1,3309.0
17039,3.4,0,1,3680.0
17045,3.3,0,1,4427.0
17061,3.4,0,1,3159.0
17069,5.6,0,1,1235.0
18049,3.8,4,1,4875.0
18053,3.6,19,1,16332.0
18063,2.6,39,3,27336.0
18075,3.2,0,1,4695.0
18093,3.7,6,2,10941.0
18099,3.3,7,2,9641.0
18113,3.0,0,1,9588.0
18119,4.0,0,0,5241.0
18133,3.4,6,1,7743.0
18145,2.9,0,1,9417.0
18157,2.9,30,2,25641.0
35011,4.3,0,0,582.0
30049,3.6,8,1,15792.0
30053,9.7,0,1,7615.0
30075,3.0,0,0,422.0
30085,4.9,0,3,1759.0
31001,3.2,10,1,7099.0
31005,6.0,0,0,117.0
31017,3.0,0,1,821.0
31027,2.6,0,0,1950.0
31041,2.1,0,2,2667.0
31059,2.2,0,1,1591.0
31069,3.6,0,1,662.0
31077,2.9,0,0,615.0
31089,2.6,0,3,2694.0
48481,3.6,4,1,8442.0
48493,3.0,4,1,9108.0
48503,3.0,0,2,4539.0
49005,2.3,14,2,14213.0
49017,12.4,0,1,1222.0
47183,3.9,6,1,7604.0
47187,2.6,28,1,35095.0
48003,2.4,0,1,2215.0
48019,3.2,0,0,6720.0
48027,3.8,90,3,52707.0
48041,2.6,48,4,24032.0
48059,3.1,0,0,3389.0
48075,3.0,0,1,1384.0
48083,4.6,0,1,2588.0
48089,3.4,4,2,5509.0
6001,3.0,282,12,253144.0
1105,4.8,0,0,2601.0
1111,2.7,0,1,5967.0
1113,2.6,8,1,12271.0
1123,2.9,6,2,11850.0
18165,5.5,6,1,3995.0
19003,1.8,0,1,1003.0
19013,3.5,24,3,26728.0
19025,2.7,2,1,2685.0
19035,3.2,0,1,3086.0
17071,4.8,0,0,1771.0
17075,4.2,0,1,7214.0
17087,5.2,0,0,3258.0
17095,4.2,18,2,12743.0
17113,2.8,30,2,27079.0
17123,4.6,0,0,3173.0
17135,5.1,0,2,7013.0
17151,4.3,0,0,1107.0
17163,3.4,42,4,50030.0
17187,3.2,0,1,3649.0
17199,3.5,26,2,15512.0
31107,3.5,0,1,2299.0
28077,5.9,0,1,3432.0
28081,4.1,42,1,18069.0
28085,5.1,5,1,7741.0
28087,5.1,18,1,12209.0
28107,6.2,0,1,7786.0
28123,4.4,0,2,5901.0
28133,9.3,0,2,5256.0
28145,4.0,8,1,6518.0
28159,5.9,0,1,4776.0
29003,3.3,0,0,3577.0
29015,6.4,0,0,7273.0
29027,3.5,0,1,9507.0
29039,3.8,0,1,4156.0
29049,3.3,5,1,4317.0
29059,4.6,0,0,4628.0
29071,3.9,13,2,23259.0
48107,3.6,0,1,1365.0
48119,3.6,0,0,1427.0
48131,5.2,0,0,2456.0
48143,3.3,5,1,6912.0
48153,5.2,0,1,1319.0
48163,2.8,0,1,2764.0
48171,2.6,10,1,8839.0
48173,2.1,0,0,215.0
48175,3.8,0,0,1750.0
48183,4.0,66,2,25841.0
48187,2.9,9,1,27471.0
48205,1.8,0,0,706.0
48209,2.7,42,3,30266.0
48219,3.1,0,1,4090.0
48231,3.5,23,1,19028.0
48241,6.6,6,1,8680.0
48255,2.5,0,1,2870.0
48269,2.5,0,0,31.0
48279,3.8,0,1,2810.0
48289,4.7,0,0,5470.0
8033,3.6,0,0,594.0
8039,2.4,0,0,4926.0
8045,3.3,5,2,9116.0
6079,3.0,46,3,66077.0
6093,8.5,4,2,14234.0
6097,2.8,82,8,109755.0
6105,7.3,0,1,3903.0
6017,3.7,28,2,46974.0
18005,2.5,17,1,16126.0
18017,3.8,5,1,8304.0
18027,2.8,5,1,5763.0
18041,4.5,20,1,6511.0
18043,3.1,16,2,16560.0
13127,3.4,24,1,19659.0
13133,4.1,0,1,6053.0
13143,3.6,0,1,6500.0
13153,3.4,36,2,26005.0
13163,5.0,0,1,4012.0
13183,3.5,0,0,1833.0
13193,4.6,0,0,2512.0
13207,3.5,0,1,6218.0
13219,2.5,0,0,7126.0
13227,3.2,6,1,9704.0
13237,4.2,0,1,6047.0
13249,3.7,0,0,873.0
29083,4.4,8,1,6615.0
29093,5.7,0,1,3095.0
37003,3.0,0,0,8510.0
37007,4.5,0,1,5621.0
37009,3.9,0,1,8033.0
37033,4.3,0,0,6196.0
37045,3.9,57,2,24411.0
37063,3.1,148,3,48529.0
37073,3.9,0,0,2582.0
37085,4.2,14,1,21231.0
37097,3.5,36,3,34917.0
37109,3.4,10,1,17662.0
37123,3.8,0,1,5964.0
37133,4.2,14,1,26323.0
37145,3.9,6,1,9499.0
48299,3.4,0,1,7821.0
48313,4.0,0,1,2552.0
48325,3.3,0,1,9848.0
48335,3.3,0,1,1517.0
48343,5.5,0,0,3822.0
51127,2.3,0,0,4837.0
51133,6.4,0,0,4939.0
51167,4.9,5,1,8282.0
51179,2.6,4,1,18857.0
51590,5.5,34,1,11883.0
51620,4.0,8,1,2182.0
51680,3.5,49,1,16176.0
51720,4.5,11,1,1335.0
51740,3.8,22,1,19467.0
51830,3.8,0,0,3018.0
12086,1.5,593,17,479710.0
12103,2.9,279,10,256538.0
12123,3.3,6,1,5135.0
13259,3.7,0,0,1099.0
13271,9.5,0,0,2551.0
13283,5.5,0,0,1466.0
13297,3.2,7,1,17893.0
20025,2.3,0,1,508.0
20031,4.6,0,0,2244.0
20033,2.7,0,1,510.0
20045,3.0,10,1,17970.0
20055,2.1,8,1,4916.0
20069,2.2,0,0,1073.0
20081,2.1,0,1,655.0
20093,1.8,0,1,697.0
20101,2.8,0,1,427.0
20111,3.5,6,1,6304.0
20123,2.3,4,1,1610.0
20133,4.3,5,1,3758.0
20139,4.0,0,0,4016.0
20151,2.4,6,1,2156.0
20159,2.5,0,1,2220.0
20169,3.4,18,2,11941.0
37157,4.2,9,1,23892.0
37173,4.8,0,2,4117.0
37179,3.3,14,1,34415.0
39059,7.6,11,1,9663.0
39069,6.1,5,1,6198.0
39083,4.4,12,1,13467.0
39091,4.2,6,1,10322.0
39103,4.4,12,2,37276.0
39115,9.1,0,0,3524.0
39127,6.6,0,0,7906.0
39137,3.7,0,0,6842.0
39153,4.8,170,4,115373.0
39165,3.7,57,1,39353.0
40005,4.6,0,1,3409.0
40015,3.6,0,2,6175.0
40027,2.4,77,1,46225.0
53011,4.6,90,2,91116.0
53035,4.2,20,1,57582.0
55053,6.3,0,1,4714.0
55067,5.6,4,1,5890.0
55078,6.6,0,0,932.0
55087,3.3,64,2,34460.0
55099,6.2,4,1,4488.0
55109,4.8,0,3,15295.0
55121,5.1,0,2,6583.0
55135,3.9,4,2,13487.0
56005,3.8,14,1,5738.0
56015,3.5,0,1,3290.0
56041,4.5,6,1,3594.0
1127,3.3,12,1,18136.0
1133,3.3,4,1,6398.0
2016,2.0,0,0,272.0
20179,2.3,0,1,622.0
20191,3.5,0,2,5326.0
20209,4.5,145,2,26074.0
21185,2.9,8,1,10394.0
21197,6.6,0,0,3257.0
21203,5.0,0,1,4281.0
21215,3.4,0,0,3558.0
21227,3.7,52,2,21233.0
21235,4.9,10,1,9239.0
22007,5.7,0,1,4875.0
22021,6.7,0,2,2293.0
22025,5.5,0,0,2393.0
22047,5.5,0,0,6570.0
22059,3.7,0,2,3080.0
22067,8.7,12,1,6682.0
22083,6.5,2,2,4661.0
48101,4.8,0,0,453.0
48105,4.3,0,0,713.0
48109,3.3,0,1,529.0
48111,2.1,0,1,1061.0
48113,3.3,614,24,334578.0
48121,2.9,81,10,99773.0
48125,4.2,0,0,572.0
48133,3.5,0,1,4831.0
48139,3.0,18,2,28672.0
48145,3.5,0,1,3617.0
48147,2.7,2,1,8052.0
48151,2.8,0,1,1005.0
48157,3.5,128,6,94587.0
48181,3.2,62,3,29081.0
48189,4.5,5,1,5785.0
48193,3.3,0,1,2488.0
48345,3.6,0,0,392.0
48347,3.8,27,2,11954.0
48351,6.3,0,0,2804.0
51135,2.8,0,0,3938.0
51137,2.9,0,0,9553.0
51139,5.4,0,1,6448.0
51143,3.8,0,0,17039.0
51153,2.4,24,2,52602.0
51163,2.7,0,0,6420.0
51169,3.5,0,0,6977.0
51171,2.5,0,1,11076.0
51181,3.6,0,0,1698.0
51183,4.6,0,0,2584.0
53033,2.5,450,17,333432.0
55035,3.4,48,4,20518.0
55037,5.7,0,0,1509.0
55041,6.3,0,0,2760.0
55043,4.4,0,3,11037.0
55047,5.9,5,1,5239.0
55049,4.3,0,1,5412.0
55055,4.0,4,1,17686.0
55057,5.0,0,1,6897.0
55059,4.7,27,2,30204.0
56027,3.4,0,1,649.0
56029,5.0,4,2,8037.0
56035,6.0,0,0,1672.0
56037,5.4,10,2,6468.0
56043,5.0,0,1,2017.0
53043,6.1,0,2,3326.0
53051,9.2,0,1,4273.0
53053,5.0,189,5,157672.0
48197,2.9,0,2,1030.0
48199,4.5,0,0,11740.0
48201,3.9,918,34,557568.0
48203,4.2,0,0,13635.0
48211,3.3,0,1,609.0
48213,3.6,10,1,22012.0
48215,6.7,271,6,105884.0
48223,3.2,10,1,8258.0
48235,2.5,0,0,370.0
48237,4.3,0,1,1786.0
48239,3.2,0,1,3109.0
48243,3.2,0,0,753.0
48249,5.2,8,1,8177.0
48253,4.0,0,2,3545.0
48259,2.8,0,0,11232.0
51185,5.1,12,2,12569.0
51191,3.5,14,1,15781.0
51195,4.8,8,1,11200.0
51520,3.9,0,0,4915.0
51550,2.8,28,1,40495.0
51580,5.9,0,0,1817.0
51610,1.8,0,0,2327.0
51640,3.4,10,1,2130.0
51678,4.0,0,1,1860.0
51683,2.5,11,1,5277.0
51685,2.5,0,0,1523.0
51710,3.4,113,3,35377.0
51730,5.9,28,2,8111.0
51750,3.3,0,0,2293.0
51790,2.6,0,0,6891.0
55065,3.7,0,1,3609.0
55075,5.8,10,1,12448.0
55077,6.4,0,0,4828.0
55083,5.4,0,2,9605.0
55085,6.5,20,1,12432.0
55091,5.7,0,1,2164.0
55093,5.0,0,1,7812.0
55097,3.9,12,1,14224.0
53063,5.6,113,4,107332.0
53067,4.7,72,2,62309.0
53069,6.9,0,0,1574.0
53077,8.1,52,4,43588.0
54003,3.3,20,1,22512.0
54005,6.6,0,1,6210.0
54009,5.4,0,0,6247.0
54011,4.1,88,2,22539.0
54015,12.4,0,0,2610.0
54019,7.2,3,2,11807.0
12037,3.1,0,1,3192.0
12057,2.9,432,8,243599.0
12065,3.2,0,0,3750.0
8093,2.6,0,0,4046.0
8099,2.6,0,1,2577.0
8107,2.1,4,1,4177.0
8113,1.7,0,0,1181.0
8115,2.3,0,1,733.0
5125,3.1,16,1,26707.0
5131,3.7,69,2,27570.0
5139,6.0,16,1,9892.0
18171,3.0,0,1,1962.0
18177,3.6,30,1,16411.0
19005,5.1,0,1,3559.0
17059,4.6,0,0,1489.0
17067,4.3,0,1,4895.0
18061,3.3,4,1,8930.0
18073,4.7,4,1,7313.0
18081,2.6,6,1,28628.0
18083,3.2,30,1,8328.0
18089,5.1,188,9,96138.0
18107,3.0,5,1,8183.0
20121,3.8,0,1,6611.0
20129,2.5,0,1,626.0
20137,2.1,0,1,1234.0
20147,2.4,0,1,1519.0
20153,1.9,0,1,752.0
20161,2.6,8,2,8201.0
20175,3.1,8,1,2549.0
22065,7.3,0,1,2154.0
9001,4.4,173,6,162249.0
5021,5.9,0,1,4319.0
21119,7.4,0,0,4051.0
21127,8.1,6,1,4120.0
21133,9.0,6,1,6456.0
21141,4.1,6,1,6361.0
21149,4.4,0,0,2472.0
21155,3.3,6,1,4160.0
4015,5.5,80,4,69569.0
21163,4.8,0,0,5652.0
21177,7.1,6,1,7856.0
19051,2.8,0,1,1792.0
19065,4.5,0,2,5173.0
19071,2.1,0,1,1910.0
19083,3.6,0,1,4336.0
19085,2.7,0,1,3429.0
19097,4.5,0,1,4991.0
19109,2.6,0,1,4136.0
18111,5.0,0,0,3053.0
19119,2.3,0,1,2290.0
19133,3.4,0,1,2510.0
19143,2.4,0,1,1473.0
19167,2.5,0,4,6096.0
19173,1.8,0,0,1650.0
19185,2.6,0,1,1638.0
19191,4.0,0,1,4653.0
20001,3.6,0,1,3233.0
20007,2.7,0,2,1260.0
20011,4.8,0,0,3453.0
22071,4.2,111,5,66626.0
27075,4.2,0,1,3307.0
21161,5.9,5,1,4270.0
27123,2.9,135,4,96187.0
27135,5.0,0,1,3217.0
27151,5.5,0,2,2271.0
27155,5.1,0,1,981.0
27165,4.6,0,2,2386.0
27167,3.6,0,1,1521.0
27173,4.3,0,2,2539.0
28001,6.6,15,1,7604.0
28019,5.2,0,1,1899.0
28025,7.1,6,1,4670.0
28027,8.0,10,1,5330.0
19117,2.2,0,1,2200.0
37053,3.9,0,0,5319.0
37079,3.5,0,0,3886.0
37089,3.1,27,2,34702.0
42035,6.8,10,2,8880.0
42041,3.8,45,2,54334.0
20021,3.1,0,2,4830.0
28055,8.5,0,0,180.0
28063,13.7,0,1,1724.0
28071,3.8,24,1,8205.0
23001,3.8,54,2,25853.0
23003,6.2,12,4,20467.0
22087,4.5,8,1,6773.0
38015,2.9,72,2,17360.0
38021,2.0,0,1,1150.0
38023,1.4,0,1,551.0
38033,2.1,0,0,423.0
38049,5.2,0,0,1372.0
28047,4.9,57,3,40890.0
28105,4.9,6,1,7094.0
28111,6.7,0,0,3109.0
28113,5.9,28,2,9192.0
28125,9.1,0,1,1222.0
28131,5.8,0,1,4030.0
35047,5.8,8,1,7173.0
35051,8.3,0,1,4718.0
35055,6.2,6,1,9947.0
36001,3.7,120,3,62843.0
36005,4.7,270,6,216750.0
42043,4.5,142,2,57631.0
42059,6.6,0,1,8616.0
42065,6.2,5,2,11472.0
42071,3.9,64,3,112176.0
42077,4.9,143,3,76697.0
42083,7.2,5,1,10422.0
41035,7.5,0,1,18316.0
23005,3.0,72,4,66493.0
45029,3.4,8,1,10261.0
45041,3.1,98,3,30247.0
45043,4.2,10,1,20633.0
47023,3.7,0,0,4047.0
38051,3.3,0,2,905.0
38057,5.6,0,1,1841.0
40067,3.3,0,1,1540.0
40077,7.2,0,1,2726.0
40079,4.3,4,1,11496.0
40089,5.0,0,1,7647.0
40095,3.3,0,1,4147.0
40105,2.9,0,1,2630.0
40113,3.4,0,2,10560.0
36015,4.7,20,2,20642.0
36023,5.8,12,1,9720.0
36025,5.4,0,3,11945.0
36029,4.7,262,6,200291.0
40139,1.7,0,1,2823.0
40151,1.6,0,1,1741.0
41001,5.3,2,1,5161.0
41007,3.9,4,2,10985.0
41041,4.6,0,2,17472.0
31139,2.6,0,2,1464.0
31145,2.8,0,1,2611.0
19029,3.3,4,1,3716.0
19037,3.9,0,1,2900.0
17083,3.7,4,1,5343.0
17085,4.4,0,1,6625.0
17097,3.7,108,6,115256.0
17115,4.3,65,2,25050.0
17119,3.0,58,5,55875.0
47039,6.0,0,1,3725.0
47043,3.2,6,1,11010.0
47053,4.7,3,1,12255.0
47055,4.9,6,1,7544.0
23013,4.9,8,1,12108.0
23019,4.5,51,4,38075.0
23025,6.6,4,2,13685.0
40121,4.2,15,1,10456.0
40129,3.2,0,1,788.0
24045,5.0,24,1,20141.0
25025,2.7,447,10,113056.0
26001,7.3,0,0,4646.0
41015,5.5,0,1,9827.0
41025,6.3,2,1,2133.0
26089,3.9,0,0,7493.0
26105,5.2,6,1,8652.0
28147,6.6,0,1,3526.0
42107,6.1,16,2,36282.0
42127,7.0,8,1,14692.0
42129,5.6,51,3,94909.0
49015,5.4,0,0,2091.0
49021,3.1,6,1,8432.0
49025,3.8,0,1,2024.0
47029,6.4,5,1,10571.0
23027,4.9,4,1,11241.0
31157,3.4,22,1,8502.0
31165,2.3,0,0,272.0
31175,2.9,0,1,1131.0
31177,2.8,0,1,4322.0
32001,3.6,0,1,6048.0
32003,3.9,535,19,369375.0
26011,7.2,5,1,5033.0
30067,4.5,4,1,4305.0
30073,3.4,0,1,1435.0
30079,5.0,0,1,381.0
30081,5.0,5,1,13503.0
30089,7.9,0,1,4395.0
30095,3.4,0,1,2513.0
26109,3.8,0,0,6605.0
28149,5.3,22,1,10092.0
28161,5.2,0,1,3993.0
29005,3.1,0,1,1508.0
29011,3.3,4,1,3140.0
29019,2.5,110,2,27805.0
29025,3.8,0,0,2129.0
39085,5.0,27,1,53386.0
39095,5.0,251,7,87282.0
44009,3.7,17,2,31343.0
45011,4.6,0,0,4699.0
45013,2.8,24,2,53192.0
32015,3.7,0,1,955.0
32019,5.0,0,1,15263.0
32029,3.7,0,0,1468.0
39111,11.1,0,0,4031.0
39113,4.5,196,4,114313.0
39123,8.2,4,1,12158.0
39145,7.7,16,2,17244.0
39155,6.8,42,2,52550.0
30103,2.4,0,0,225.0
30105,3.7,0,1,1921.0
38077,2.5,0,0,3286.0
38085,3.0,0,1,477.0
38099,3.5,0,2,2661.0
38105,2.1,0,2,3984.0
29031,3.2,32,2,16317.0
29037,3.5,9,2,21018.0
36047,3.5,318,12,386673.0
36053,5.2,6,2,14907.0
36061,3.0,761,12,295301.0
36067,4.3,152,3,96693.0
41045,4.5,8,1,6540.0
41055,5.1,0,0,558.0
41057,4.1,4,1,8571.0
41063,7.4,0,1,2506.0
41067,2.9,85,4,92779.0
29101,4.3,0,1,8558.0
29107,3.8,2,1,7646.0
29113,3.9,4,1,10512.0
29123,4.5,0,1,3422.0
29127,3.4,8,1,6967.0
39163,8.4,0,0,2790.0
47073,4.8,6,1,16582.0
47079,5.4,6,1,9512.0
47089,4.8,6,1,14359.0
47091,4.4,0,1,5306.0
47097,5.7,0,1,5569.0
47103,7.2,7,1,8554.0
47115,4.8,0,0,7479.0
47121,5.1,0,0,3428.0
47123,4.2,0,1,12876.0
47131,5.2,7,1,8169.0
39007,6.0,19,4,23820.0
48371,3.7,0,2,2386.0
48377,8.4,0,0,1927.0
48391,3.7,0,1,1854.0
48401,4.0,0,1,10488.0
48407,4.7,0,0,6729.0
48409,5.5,0,1,13810.0
36079,4.0,10,1,19913.0
48443,3.8,0,0,269.0
48461,3.3,0,2,600.0
48465,4.0,7,1,8859.0
48473,3.8,0,0,7221.0
48479,3.9,56,2,33223.0
48487,4.0,0,1,2863.0
48495,3.3,0,1,1150.0
48501,3.5,0,1,1255.0
48505,6.2,0,0,2045.0
49003,2.9,0,2,8620.0
48005,4.2,29,2,18085.0
48007,4.4,0,0,8334.0
48037,4.2,82,2,20249.0
48043,2.9,3,1,2338.0
29183,2.9,39,4,70525.0
29189,3.2,468,9,210733.0
29199,3.1,0,1,1008.0
24005,3.6,123,5,167442.0
24025,3.4,19,2,49059.0
26013,6.0,0,1,2101.0
26029,5.2,0,1,7738.0
30111,3.7,41,2,31881.0
31015,3.0,0,1,641.0
31021,4.1,0,1,1875.0
26121,3.8,37,1,39769.0
26127,6.7,0,1,7096.0
26139,2.3,22,3,52532.0
26141,10.4,0,0,4993.0
26151,4.8,0,3,10975.0
26153,7.7,0,1,2573.0
45019,2.4,221,6,76594.0
46071,6.2,0,0,516.0
46081,3.0,5,2,6453.0
46083,2.8,0,2,8169.0
46089,5.2,0,1,766.0
46099,3.3,54,4,37488.0
46105,3.3,0,0,812.0
46109,6.3,0,1,2298.0
33001,3.2,10,1,18685.0
33007,4.1,3,3,10502.0
33011,3.2,62,5,82125.0
33013,2.6,18,3,35420.0
34001,6.4,64,2,59085.0
34005,3.7,82,3,91968.0
34011,6.8,36,1,29383.0
31031,2.4,0,1,1354.0
31043,4.2,0,0,3472.0
31049,2.2,0,0,540.0
31055,3.2,187,8,89632.0
31061,2.9,0,1,926.0
31067,3.5,3,1,5663.0
39035,5.1,680,15,263068.0
39051,5.2,7,1,9360.0
39053,7.0,14,1,7147.0
29063,4.1,0,0,2418.0
29069,6.7,0,0,7842.0
29081,5.0,0,1,2261.0
29089,3.4,0,0,2264.0
29091,4.0,12,2,11295.0
37015,5.3,0,1,5541.0
37023,3.5,16,1,21452.0
37029,3.6,0,0,2115.0
37031,4.2,8,1,19714.0
29133,4.4,0,0,3124.0
29143,4.9,0,0,4117.0
29149,4.7,0,0,3044.0
29155,5.9,7,1,4100.0
29165,2.7,0,1,17236.0
37101,3.4,24,1,34261.0
37107,3.6,14,1,14716.0
37113,4.2,5,2,12071.0
37119,3.4,173,7,145080.0
37125,3.6,68,1,26701.0
40001,3.7,0,1,4604.0
40007,1.7,0,1,1112.0
40021,3.5,30,2,9831.0
40023,4.8,0,1,3960.0
40033,2.5,0,0,1434.0
40041,3.4,6,1,11422.0
40051,3.2,9,1,10808.0
37189,3.2,10,1,9783.0
48051,3.5,0,1,4473.0
35023,4.7,0,0,1176.0
35029,17.3,6,1,6962.0
35031,7.0,5,4,11274.0
35035,5.0,10,2,13425.0
47153,4.7,0,0,4684.0
47157,4.4,277,6,155627.0
47163,4.2,103,3,44107.0
47171,6.4,0,1,5411.0
47181,5.6,0,1,4033.0
45057,3.6,20,1,22774.0
36085,3.3,114,2,92377.0
36097,6.4,0,1,4952.0
36105,4.6,10,2,17928.0
36111,4.1,25,3,42097.0
36115,4.8,0,0,14521.0
36119,3.9,179,9,182351.0
45091,2.9,24,1,48224.0
46009,3.5,0,2,1628.0
46013,3.3,10,2,7722.0
46021,4.2,0,0,398.0
29209,10.9,0,0,10881.0
29217,3.7,6,1,4839.0
29227,2.9,0,0,547.0
30001,3.4,0,1,2420.0
37171,3.6,10,2,18511.0
37177,7.3,0,0,871.0
39067,7.1,0,1,3886.0
39073,5.7,4,1,6864.0
39079,8.1,4,1,7572.0
48057,3.3,6,1,4427.0
48071,4.6,0,2,6445.0
48093,3.6,0,1,3778.0
48097,3.1,5,2,8570.0
24510,4.8,508,12,107662.0
45063,2.5,55,2,55639.0
45067,4.5,10,1,7904.0
45077,2.9,15,2,26769.0
26053,5.4,5,1,4698.0
46027,2.7,0,1,2121.0
46031,5.3,0,0,619.0
46047,4.8,0,1,2633.0
46053,3.7,0,2,1170.0
27007,4.9,10,2,9168.0
27015,4.8,0,3,6330.0
27021,7.7,0,1,9999.0
27027,3.4,0,0,10415.0
46123,3.0,0,1,1390.0
46135,3.1,10,1,5070.0
30011,2.4,0,1,343.0
30017,4.1,4,1,2729.0
30025,2.0,0,1,552.0
30027,4.6,0,1,3238.0
30033,3.0,0,1,296.0
30039,6.9,0,1,1079.0
30045,4.3,0,0,599.0
31131,2.7,0,2,3637.0
25005,4.6,96,4,123967.0
25009,3.3,98,5,162861.0
25019,11.5,0,1,2037.0
34023,3.5,185,5,142193.0
26055,3.5,20,1,22862.0
31091,3.2,0,0,246.0
31095,2.6,0,1,2045.0
31103,2.3,0,0,259.0
31111,3.3,19,1,8094.0
28089,4.0,7,1,18618.0
28093,5.3,0,1,8139.0
27031,5.6,0,1,1799.0
27049,3.8,4,2,10872.0
27055,4.0,0,0,4748.0
37049,3.8,72,1,24692.0
37051,4.9,48,1,54766.0
37131,5.5,0,0,5778.0
37137,3.5,0,0,4244.0
37149,3.5,6,1,6667.0
37155,5.1,25,1,25074.0
42091,3.9,215,11,168969.0
42097,6.8,6,1,23674.0
42103,6.7,0,0,15223.0
34025,3.8,152,5,129444.0
34039,4.3,80,3,91765.0
35003,8.5,0,0,1513.0
35005,4.9,24,2,12596.0
35009,4.0,8,1,7732.0
30061,10.2,0,1,1588.0
38001,3.0,0,1,698.0
9011,4.4,32,2,57496.0
10001,4.4,29,1,37037.0
10003,3.8,119,2,102603.0
12009,3.1,159,7,160561.0
12075,3.5,0,1,12577.0
5031,3.0,66,2,19618.0
5035,4.4,0,1,9587.0
5041,5.2,0,2,3046.0
5057,4.3,8,1,4924.0
5063,4.4,12,1,8981.0
5069,5.9,34,1,16277.0
5075,4.7,0,1,4653.0
5077,6.2,0,0,2162.0
4025,4.3,39,2,84609.0
5005,4.4,17,2,16055.0
5007,2.8,30,3,44683.0
16073,3.8,0,0,2519.0
16085,4.3,0,2,3117.0
16087,4.6,0,1,3128.0
17013,3.8,0,0,1300.0
17021,4.3,0,2,8085.0
17027,2.7,4,1,7728.0
16031,2.4,6,1,4204.0
16035,6.7,0,1,2925.0
16037,4.5,0,0,1382.0
16049,5.1,0,2,4577.0
16059,6.1,0,1,2728.0
18023,2.7,0,1,6649.0
12021,2.9,73,2,103980.0
12033,3.2,120,3,72412.0
15003,2.5,148,8,185407.0
16007,3.6,0,1,1506.0
16011,2.9,5,2,8333.0
16013,3.1,0,1,4927.0
5105,4.3,0,0,2944.0
5107,7.2,6,1,4583.0
5119,3.8,209,8,80814.0
17031,3.4,1606,46,845162.0
18123,3.4,4,1,4267.0
18129,2.8,0,0,5669.0
18143,3.2,4,1,5728.0
18147,4.0,0,0,4720.0
18155,3.6,0,0,1892.0
18163,3.1,154,2,38346.0
18029,3.9,8,1,11200.0
18037,2.4,26,1,8950.0
18039,2.7,35,2,35638.0
13135,3.1,82,3,111883.0
13145,3.2,0,0,7121.0
13151,3.6,40,1,35479.0
13161,4.7,4,1,2915.0
13167,4.1,0,0,1902.0
13177,3.1,0,0,5003.0
13179,3.9,0,1,7716.0
20107,7.1,0,0,2594.0
20117,2.9,0,1,2559.0
17149,4.2,0,1,3860.0
17157,3.0,0,3,7020.0
17161,4.3,58,2,31841.0
17171,4.7,0,0,1113.0
17173,3.3,0,1,5403.0
17181,5.2,0,1,4744.0
17185,2.9,4,1,2835.0
17193,3.1,0,0,3914.0
17201,4.7,87,3,60329.0
13287,4.9,0,0,2108.0
13291,3.5,5,1,9044.0
13299,3.8,22,1,8675.0
21105,5.2,0,0,1393.0
48273,4.5,10,1,5152.0
48311,1.5,0,0,195.0
48315,4.7,0,0,3141.0
48321,5.8,6,2,7381.0
48337,3.2,0,1,5358.0
54047,11.2,7,1,6187.0
54057,5.6,4,1,6902.0
54063,5.5,0,0,3957.0
54071,4.1,0,0,2222.0
54077,5.1,0,1,7893.0
51059,2.1,178,4,161327.0
51071,3.7,0,1,4824.0
51077,3.6,0,0,4940.0
51083,4.3,12,1,9978.0
51089,3.3,0,0,15710.0
51093,2.8,0,0,8734.0
51099,2.6,0,0,4166.0
51105,4.7,0,0,6699.0
21033,5.1,0,1,3472.0
13305,3.9,12,1,6233.0
51117,4.2,10,1,9583.0
53007,5.9,20,4,18257.0
48117,2.8,0,1,2910.0
48261,3.4,0,0,53.0
48135,3.3,50,2,20326.0
48141,3.8,203,9,130204.0
48155,2.9,0,0,354.0
48161,5.1,0,1,4420.0
48165,2.6,0,1,2120.0
51107,2.1,33,2,40078.0
51131,5.3,0,0,3771.0
51147,3.6,8,1,5054.0
51149,3.3,0,0,6394.0
51159,3.1,0,0,2140.0
51161,2.6,0,0,25670.0
51165,2.2,0,0,18223.0
51175,2.7,0,0,4376.0
51177,2.8,12,1,21776.0
55061,3.8,0,0,4663.0
56039,2.6,6,1,3765.0
53047,8.9,0,3,11214.0
48129,3.3,0,0,942.0
48167,4.0,26,1,58499.0
48221,3.5,12,1,17165.0
48225,3.3,0,1,5596.0
48229,4.2,0,0,829.0
48245,5.8,88,3,44847.0
48257,3.3,8,1,21329.0
51193,4.0,0,0,5321.0
51199,2.6,0,0,13059.0
53031,5.6,6,1,13614.0
55031,6.0,0,1,10365.0
55051,7.3,0,0,2144.0
53049,6.7,0,2,8532.0
51570,2.8,0,0,4580.0
51630,3.0,26,1,4769.0
51650,3.8,24,1,26797.0
51700,3.6,88,2,30329.0
51735,2.3,0,0,2661.0
51770,3.1,71,1,22540.0
55071,4.4,16,2,19667.0
55079,4.3,381,8,160544.0
55089,2.9,46,2,20436.0
53055,4.3,0,1,6182.0
53061,2.8,72,4,132524.0
53071,4.9,28,1,13559.0
53073,5.0,24,1,47310.0
22039,5.2,24,2,7252.0
27139,2.9,0,2,19210.0
31113,2.5,0,0,168.0
37043,4.2,0,0,4067.0
39057,3.9,20,2,33049.0
36009,6.1,0,1,18828.0
47169,3.3,0,1,1942.0
46073,2.4,0,1,688.0
48365,4.5,0,1,5325.0
48207,3.3,0,1,1428.0
51690,4.6,0,0,4493.0
55131,3.3,12,2,28476.0
54067,8.6,0,1,7426.0
51087,2.6,53,1,60023.0
1043,2.5,12,1,20368.0
1109,2.9,9,1,6637.0
9009,4.5,186,8,170510.0
5049,4.3,0,1,3905.0
5127,3.8,0,1,2796.0
21117,3.5,54,1,29830.0
19123,2.8,0,1,4860.0
47015,3.2,0,1,3458.0
38011,1.9,0,1,740.0
38083,7.9,0,0,448.0
48375,2.7,99,3,20016.0
31065,2.4,0,1,1395.0
28135,6.5,0,1,2929.0
41019,4.9,32,2,35078.0
29013,4.4,0,1,4069.0
55001,7.8,0,1,7409.0
53057,5.8,18,3,32233.0
6085,2.6,313,9,278733.0
13017,5.6,5,1,3899.0
18047,3.9,7,1,5838.0
22123,11.8,0,1,2762.0
26067,2.9,2,1,12033.0
37185,5.4,0,0,4913.0
45015,2.7,0,0,37637.0
13045,3.7,18,2,21742.0
37093,4.8,0,1,7334.0
20149,3.0,0,2,4179.0
28033,4.1,44,2,29643.0
42001,3.8,8,1,25200.0
37161,4.9,18,1,17104.0
21051,7.0,6,1,5144.0
13245,4.5,264,3,38422.0
13251,4.4,0,1,3388.0
13261,4.9,10,1,6408.0
13263,4.1,0,0,1719.0
13273,4.3,0,0,2361.0
20193,2.0,1,1,1590.0
20199,2.6,0,0,372.0
20201,2.8,0,2,1546.0
21195,7.0,76,2,16945.0
21211,3.0,4,1,8928.0
21213,4.3,0,1,4116.0
21223,4.3,0,0,2037.0
21225,4.6,0,1,3247.0
20037,4.0,12,2,7614.0
20043,3.8,0,0,1688.0
20061,4.5,6,1,4303.0
20067,2.5,0,1,1159.0
20071,1.8,0,1,312.0
20083,2.9,0,1,454.0
20089,2.6,0,1,981.0
22019,4.0,75,5,38237.0
22027,5.9,4,1,3583.0
22029,6.3,5,1,4403.0
22037,3.8,0,0,4622.0
53009,6.5,19,2,27656.0
53027,7.1,0,2,21107.0
55105,4.6,33,4,33867.0
55117,3.2,13,2,24909.0
55127,4.2,16,2,21838.0
55009,3.5,60,4,47864.0
49047,5.6,4,1,4411.0
49053,3.4,32,1,38896.0
50001,2.7,0,1,8538.0
50009,4.4,0,0,2077.0
50017,3.2,2,1,7323.0
50023,2.5,14,1,14406.0
22003,5.6,3,2,4779.0
22009,5.2,2,2,9215.0
22101,5.2,15,2,11015.0
22107,8.8,0,0,1286.0
22109,4.0,26,3,21591.0
21021,4.4,22,1,7359.0
21023,5.9,0,0,1972.0
22045,5.2,11,1,14639.0
21047,5.4,18,1,12005.0
21055,4.7,0,1,2297.0
21059,3.9,32,1,22380.0
21073,3.6,10,1,14637.0
21075,4.7,0,0,1909.0
21089,7.8,0,0,9944.0
21095,11.8,7,1,7815.0
55137,5.6,0,1,7054.0
56001,3.1,4,1,5350.0
56007,4.4,6,1,3021.0
56011,3.2,0,1,1715.0
56013,5.4,12,1,8756.0
56021,4.1,15,1,19588.0
54031,5.4,0,0,3563.0
54035,6.1,0,1,7471.0
54041,7.8,6,1,4550.0
50027,2.0,0,2,16354.0
51001,4.3,10,1,9270.0
51021,3.2,0,0,1886.0
51027,7.0,12,1,7641.0
51037,3.7,0,0,3545.0
51041,2.6,106,2,63411.0
